Date,TF,Open,High,Low,Close,Med,CO
2016-11-01,00:00:00,1.09697,1.09712,1.09667,1.0969,"c(1.096895, 1.09671, 1.096885, 1.096565, 1.096475, 1.09654, 1.09633, 1.096205, 1.09643, 1.09647, 1.09643, 1.096635, 1.096785, 1.09673, 1.09699, 1.097915, 1.098505, 1.09891, 1.09925, 1.099685, 1.09977, 1.09996, 1.10028, 1.101995, 1.101935, 1.10176, 1.102415, 1.102775, 1.103245, 1.104185, 1.10427, 1.104385, 1.10464, 1.10544, 1.10577, 1.105555, 1.10614, 1.105985, 1.10598, 1.105315, 1.105285, 1.105455, 1.10544, 1.105785, 1.105905, 1.10568, 1.10549, 1.10557, 1.105595, 1.105295, 1.10528, 1.10545, 1.106175, 
1.10646, 1.10643, 1.106615, 1.10665, 1.10681, 1.107065, 1.106875, 1.106725, 1.106545, 1.106465, 1.10692, 1.108585, 1.109025, 1.107945, 1.10817, 1.107665, 1.107965, 1.108325, 1.10897, 1.109395, 1.10905, 1.10927, 1.109, 1.11016, 1.11078, 1.110815, 1.111215, 1.111775, 1.11163, 1.111445, 1.110475, 1.110115, 1.10968, 1.10908, 1.10897, 1.109235, 1.10948, 1.109565, 1.1095, 1.109585, 1.109725, 1.10959, 1.10947, 1.109285, 1.10982, 1.11038, 1.11055, 1.110935, 1.111885, 1.111905, 1.11187, 1.111795, 1.111735, 
1.11123, 1.110935, 1.11141, 1.11164, 1.11193, 1.111965, 1.11106, 1.110105, 1.10965, 1.10984, 1.109305, 1.10871, 1.1077, 1.107125, 1.106775, 1.10673, 1.10638, 1.106895, 1.10677, 1.10773, 1.108475, 1.1091, 1.10961, 1.109645, 1.11034, 1.11057, 1.111525, 1.11087, 1.11088, 1.110655, 1.11071, 1.11079, 1.11051, 1.11055, 1.110685, 1.11056, 1.110255, 1.110045, 1.1099, 1.110105, 1.110415, 1.109915, 1.10917, 1.1092, 1.109325, 1.109485, 1.10941, 1.109485, 1.10938, 1.109, 1.10932, 1.10971, 1.110125, 1.109445, 
1.11013, 1.109915, 1.10944, 1.109725, 1.10995, 1.109635, 1.109575, 1.109935, 1.110635, 1.10923, 1.109615, 1.10957, 1.110415, 1.11126, 1.111705, 1.11186, 1.1122, 1.112055, 1.11179, 1.111555, 1.111645, 1.111875, 1.112075, 1.112975, 1.113345, 1.113645, 1.10597, 1.10577, 1.10769, 1.10834, 1.108645, 1.109105, 1.11015, 1.110155, 1.110135, 1.109555, 1.109025, 1.10768, 1.10759, 1.10787, 1.108045, 1.10781, 1.107075, 1.10692, 1.10702, 1.10674, 1.106045, 1.106015, 1.105615, 1.10549, 1.10506, 1.10552, 1.106635, 
1.10672, 1.106615, 1.106235, 1.10667, 1.106675, 1.10608, 1.105865, 1.105715, 1.10534, 1.104155, 1.103405, 1.103545, 1.103715, 1.10352, 1.103485, 1.103675, 1.10358, 1.10385, 1.103675, 1.10411, 1.104435, 1.10425, 1.104045, 1.10425, 1.10437, 1.104505, 1.10456, 1.10441, 1.104135, 1.10378, 1.103665, 1.103475, 1.10319, 1.10339, 1.10372, 1.10387, 1.103965, 1.10419, 1.10427, 1.104365, 1.10444, 1.10465, 1.10513, 1.106035, 1.10612, 1.10565, 1.105275, 1.1048, 1.104745, 1.10457, 1.104475, 1.103885, 1.10382, 
1.1039, 1.10418, 1.104205, 1.104535, 1.10493, 1.104975, 1.10465, 1.10404, 1.102695, 1.102295, 1.10247, 1.10151, 1.10178, 1.10269, 1.102795, 1.101905, 1.10166, 1.10223, 1.1021, 1.101375, 1.10084, 1.10151, 1.10348, 1.10215, 1.10066, 1.102825, 1.110475, 1.11454, 1.117045, 1.121205, 1.12293, 1.12389, 1.127825, 1.127525, 1.124665, 1.12279, 1.120055, 1.116285, 1.110695, 1.111255, 1.108685, 1.10492, 1.106465, 1.109075, 1.10983, 1.10967, 1.106445, 1.103995, 1.101195, 1.102195, 1.09905, 1.09646, 1.095295, 
1.094655, 1.094685, 1.09443, 1.0937, 1.093805, 1.093955, 1.09387, 1.09267, 1.0929, 1.09342, 1.09197, 1.09117, 1.09111, 1.091335, 1.091875, 1.091995, 1.091725, 1.09233, 1.09285, 1.092, 1.09282, 1.093975, 1.09465, 1.093915, 1.09409, 1.092935, 1.09261, 1.092855, 1.093705, 1.094245, 1.09392, 1.09345, 1.09327, 1.0926, 1.09328, 1.09189, 1.090065, 1.08918, 1.089955, 1.09006, 1.09071, 1.08905, 1.088065, 1.08968, 1.08973, 1.089345, 1.08795, 1.0885, 1.089005, 1.08767, 1.087465, 1.088275, 1.088505, 1.08907, 
1.08959, 1.08976, 1.08915, 1.08906, 1.08906, 1.088705, 1.089175, 1.088825, 1.08838, 1.08843, 1.088665, 1.088565, 1.088585, 1.08842, 1.088065, 1.08977, 1.091325, 1.09063, 1.089955, 1.090585, 1.090605, 1.09043, 1.090845, 1.09149, 1.090995, 1.091035, 1.090885, 1.090065, 1.088275, 1.088355, 1.08755, 1.08624, 1.08754, 1.08786, 1.087435, 1.087505, 1.087135, 1.08901, 1.090905, 1.089855, 1.0881, 1.087295, 1.08636, 1.08496, 1.08388, 1.083945, 1.08475, 1.08537, 1.08507, 1.084515, 1.08433, 1.084685, 1.08462, 
1.085065, 1.085555, 1.08312, 1.08306, 1.08347, 1.083625, 1.083225, 1.0823, 1.08167, 1.080105, 1.078975, 1.07911, 1.07951, 1.080175, 1.080495, 1.079905, 1.079725, 1.0798, 1.078795, 1.078865, 1.07906, 1.07874, 1.079685, 1.07932, 1.077325, 1.07448, 1.07428, 1.074815, 1.07586, 1.075965, 1.076465, 1.07732, 1.07739, 1.07658, 1.077195, 1.077265, 1.075395, 1.07265, 1.07152, 1.07194, 1.07182, 1.072105, 1.0729, 1.074535, 1.07495, 1.07473, 1.07346, 1.07262, 1.07304, 1.073545, 1.073755, 1.07383, 1.073705, 1.073975, 
1.074245, 1.07466, 1.075655, 1.0764, 1.07647, 1.076085, 1.075495, 1.074985, 1.0751, 1.075195, 1.075185, 1.074785, 1.075, 1.075025, 1.074995, 1.07512, 1.076375, 1.077235, 1.07844, 1.08057, 1.07994, 1.07984, 1.079535, 1.07884, 1.07746, 1.077095, 1.076445, 1.076615, 1.076095, 1.074275, 1.07307, 1.073155, 1.073665, 1.073695, 1.07292, 1.07306, 1.07243, 1.072565, 1.073105, 1.07246, 1.071785, 1.072025, 1.071855, 1.072515, 1.07284, 1.07245, 1.072165, 1.072315, 1.07223, 1.072275, 1.072585, 1.073505, 1.07415, 
1.074365, 1.074215, 1.075195, 1.07552, 1.07501, 1.07426, 1.07435, 1.074335, 1.07445, 1.07487, 1.07496, 1.07398, 1.07149, 1.071105, 1.071655, 1.07216, 1.07212, 1.07095, 1.070385, 1.070235, 1.070105, 1.069385, 1.07024, 1.07039, 1.071425, 1.07074, 1.070635, 1.070305, 1.068625, 1.067315, 1.068855, 1.07059, 1.069965, 1.06892, 1.067785, 1.067255, 1.067595, 1.06846, 1.06821, 1.06837, 1.06877, 1.069225, 1.069745, 1.070445, 1.07052, 1.070215, 1.070445, 1.070245, 1.07076, 1.07013, 1.06993, 1.070215, 1.069705, 
1.06943, 1.0696, 1.0698, 1.06995, 1.069455, 1.06887, 1.069435, 1.070505, 1.071735, 1.072195, 1.072875, 1.072555, 1.072215, 1.07275, 1.07323, 1.073495, 1.0735, 1.072735, 1.07183, 1.07059, 1.07008, 1.06985, 1.068525, 1.067295, 1.06692, 1.06567, 1.06544, 1.06427, 1.063605, 1.063495, 1.06291, 1.062805, 1.062295, 1.06225, 1.062515, 1.06243, 1.062445, 1.06232, 1.06261, 1.062365, 1.06192, 1.06095, 1.05992, 1.05895, 1.059735, 1.05962, 1.059725, 1.0599, 1.060505, 1.06024, 1.060435, 1.059405, 1.059245, 1.05984, 
1.05994, 1.059375, 1.059845, 1.059815, 1.060385, 1.060455, 1.06077, 1.06191, 1.06189, 1.062375, 1.06221, 1.062725, 1.06282, 1.061845, 1.06111, 1.06104, 1.059985, 1.05838, 1.05774, 1.059045, 1.059305, 1.05888, 1.059435, 1.059685, 1.059915, 1.060285, 1.059555, 1.059035, 1.059255, 1.059065, 1.0598, 1.05941, 1.05897, 1.058815, 1.058295, 1.05813, 1.059365, 1.06028, 1.059965, 1.060715, 1.06056, 1.06058, 1.060045, 1.059405, 1.059445, 1.059335, 1.059575, 1.060075, 1.05996, 1.060535, 1.06135, 1.06263, 1.063195, 
1.06344, 1.064075, 1.06322, 1.06278, 1.06303, 1.062675, 1.0627, 1.063725, 1.0634, 1.06306, 1.063895, 1.062455, 1.062475, 1.06282, 1.062395, 1.06189, 1.060375, 1.06043, 1.06068, 1.05989, 1.059755, 1.060205, 1.06047, 1.061415, 1.062165, 1.063185, 1.06274, 1.062945, 1.063055, 1.0628, 1.06323, 1.064115, 1.06408, 1.06407, 1.06386, 1.063295, 1.062935, 1.062725, 1.062945, 1.06288, 1.0629, 1.062615, 1.062915, 1.062725, 1.061985, 1.061155, 1.06135, 1.062045, 1.063315, 1.06461, 1.0649, 1.064065, 1.06327, 1.06318, 
1.063545, 1.06254, 1.06135, 1.061435, 1.060945, 1.06177, 1.06197, 1.06094, 1.059295, 1.059935, 1.06181, 1.062725, 1.062385, 1.061915, 1.061465, 1.06175, 1.06206, 1.06221, 1.062335, 1.06261, 1.062615, 1.06254, 1.06255, 1.06287, 1.063065, 1.06309, 1.062775, 1.062575, 1.06268, 1.062575, 1.062765, 1.062655, 1.062245, 1.0623, 1.062335, 1.062735, 1.06282, 1.062915, 1.06358, 1.06382, 1.06303, 1.06204, 1.06127, 1.060645, 1.061035, 1.060935, 1.062025, 1.062765, 1.062825, 1.0619, 1.06169, 1.060095, 1.05729, 
1.05488, 1.055055, 1.054575, 1.053255, 1.054035, 1.055575, 1.055635, 1.05599, 1.055735, 1.055535, 1.05482, 1.054785, 1.05519, 1.05541, 1.05514, 1.055035, 1.05496, 1.055045, 1.05462, 1.054085, 1.053805, 1.05391, 1.053645, 1.05381, 1.05349, 1.05306, 1.052775, 1.05312, 1.05364, 1.05408, 1.05438, 1.05452, 1.05438, 1.054075, 1.05402, 1.05341, 1.052885, 1.0551, 1.056405, 1.05695, 1.05592, 1.056065, 1.057115, 1.05722, 1.056895, 1.055885, 1.054685, 1.055945, 1.056425, 1.056975, 1.05705, 1.05661, 1.056995, 
1.056405, 1.05583, 1.055655, 1.055565, 1.055195, 1.05522, 1.05519, 1.05536, 1.05511, 1.05534, 1.055195, 1.055295, 1.055385, 1.055705, 1.055815, 1.055065, 1.054905, 1.054575, 1.05505, 1.05531, 1.05573, 1.056515, 1.056985, 1.057135, 1.056855, 1.05723, 1.0573, 1.05725, 1.057645, 1.059115, 1.05937, 1.05924, 1.0604, 1.059835, 1.058945, 1.05929, 1.05907, 1.059625, 1.05886, 1.058915, 1.059195, 1.05925, 1.059725, 1.06138, 1.061695, 1.060615, 1.06043, 1.06009, 1.05973, 1.05925, 1.05959, 1.05949, 1.06026, 
1.05986, 1.05913, 1.058925, 1.059185, 1.058895, 1.059185, 1.06145, 1.06181, 1.060435, 1.05987, 1.05975, 1.06021, 1.06139, 1.062335, 1.062985, 1.063815, 1.06597, 1.067225, 1.06597, 1.065405, 1.06532, 1.06589, 1.066115, 1.06573, 1.06507, 1.065045, 1.06472, 1.065555, 1.06582, 1.06644, 1.06584, 1.064635, 1.063665, 1.06351, 1.06205, 1.0603, 1.059965, 1.0588, 1.058575, 1.05789, 1.057035, 1.05797, 1.059265, 1.058525, 1.05928, 1.05831, 1.05765, 1.058045, 1.058565, 1.05907, 1.059645, 1.059445, 1.05949, 1.06012, 
1.060555, 1.06113, 1.061015, 1.06109, 1.061275, 1.061825, 1.061275, 1.061295, 1.060505, 1.060645, 1.060555, 1.0598, 1.059485, 1.059165, 1.059535, 1.059925, 1.05997, 1.06018, 1.060515, 1.060485, 1.059785, 1.059605, 1.06079, 1.059925, 1.05873, 1.059235, 1.059895, 1.05988, 1.06046, 1.059885, 1.05913, 1.058315, 1.05811, 1.057915, 1.058385, 1.05975, 1.060875, 1.062255, 1.06142, 1.06157, 1.06272, 1.062935, 1.06363, 1.064235, 1.06441, 1.064445, 1.06437, 1.064385, 1.064935, 1.065095, 1.065055, 1.06477, 1.064855, 
1.06472, 1.06525, 1.06509, 1.06439, 1.06461, 1.06511, 1.06421, 1.063285, 1.06333, 1.063155, 1.063075, 1.06323, 1.0633, 1.06314, 1.0636, 1.06273, 1.06276, 1.06314, 1.06475, 1.06528, 1.064095, 1.064235, 1.064595, 1.06563, 1.06544, 1.063705, 1.06389, 1.062405, 1.06385, 1.061015, 1.060155, 1.059095, 1.060245, 1.05813, 1.05744, 1.05825, 1.05927, 1.05936, 1.05907, 1.05928, 1.059625, 1.0598, 1.059895, 1.05964, 1.05933, 1.059175, 1.05929, 1.059475, 1.05908, 1.05952, 1.059425, 1.05967, 1.05928, 1.059305, 
1.05965, 1.05996, 1.06001, 1.05999, 1.05986, 1.06073, 1.06113, 1.06198, 1.06227, 1.061975, 1.061735, 1.06123, 1.06095, 1.06123, 1.06253, 1.062795, 1.06217, 1.062345, 1.06253, 1.06258, 1.06242, 1.06208, 1.062365, 1.061485, 1.059975, 1.059605, 1.059955, 1.061785, 1.06279, 1.06277, 1.06235, 1.062965, 1.063685, 1.065, 1.065175, 1.064605, 1.0654, 1.06617, 1.06595, 1.066065, 1.065965, 1.065885, 1.06614, 1.066465, 1.066405, 1.06685, 1.06722, 1.066965, 1.06689, 1.06692, 1.067515, 1.06842, 1.068205, 1.068235, 
1.06831, 1.068375, 1.068195, 1.067555, 1.06689, 1.066995, 1.066105, 1.066135, 1.065395, 1.064135, 1.064435, 1.0644, 1.0644, 1.064765, 1.06399, 1.06401, 1.06479, 1.064615, 1.064615, 1.065895, 1.06615, 1.067015, 1.066895, 1.06716, 1.06736, 1.06744, 1.06641, 1.065965, 1.06579, 1.066065, 1.066305, 1.066645, 1.066625, 1.064325, 1.064365, 1.061745, 1.055665, 1.054645, 1.05561, 1.057475, 1.05672, 1.056355, 1.056925, 1.05588, 1.055555, 1.0546, 1.054495, 1.05428, 1.05485, 1.055635, 1.05623, 1.05641, 1.056295, 
1.057465, 1.060275, 1.062765, 1.0649, 1.06375, 1.06433, 1.06346, 1.06447, 1.068055, 1.07128, 1.070295, 1.06896, 1.06998, 1.069005, 1.07033, 1.072485, 1.07295, 1.07311, 1.0724, 1.072115, 1.072965, 1.075255, 1.077725, 1.07775, 1.078045, 1.07738, 1.07658, 1.076285, 1.07631, 1.07626, 1.07626, 1.076005, 1.07587, 1.075735, 1.075765, 1.07537, 1.07574, 1.0759, 1.076175, 1.07658, 1.076105, 1.07557, 1.07546, 1.07559, 1.07565, 1.07555, 1.07491, 1.07451, 1.07452, 1.075905, 1.077, 1.07754, 1.077395, 1.076515, 
1.076845, 1.077065, 1.076635, 1.074775, 1.073585, 1.074235, 1.07362, 1.07364, 1.07297, 1.07371, 1.07351, 1.07381, 1.073085, 1.07273, 1.07074, 1.07074, 1.071235, 1.070635, 1.071035, 1.071335, 1.071615, 1.07178, 1.07194, 1.07181, 1.071785, 1.07176, 1.07196, 1.07185, 1.07176, 1.071515, 1.071465, 1.072135, 1.07186, 1.071905, 1.0721, 1.072075, 1.071975, 1.07222, 1.07207, 1.071865, 1.072225, 1.07185, 1.071735, 1.071725, 1.072175, 1.072685, 1.072625, 1.07251, 1.07169, 1.07198, 1.071945, 1.07231, 1.072415, 
1.072945, 1.073055, 1.07311, 1.073725, 1.07422, 1.075335, 1.07618, 1.075935, 1.075315, 1.07533, 1.074735, 1.0749, 1.075135, 1.0752, 1.07552, 1.076175, 1.076365, 1.07582, 1.0754, 1.07524, 1.075595, 1.075695, 1.07556, 1.076345, 1.07582, 1.0755, 1.075715, 1.076735, 1.076765, 1.07748, 1.077895, 1.07746, 1.077285, 1.077505, 1.07727, 1.07691, 1.076615, 1.076315, 1.076605, 1.076815, 1.078075, 1.07925, 1.079795, 1.07975, 1.079215, 1.079025, 1.07859, 1.07897, 1.080545, 1.07442, 1.069035, 1.06494, 1.065005, 
1.06245, 1.061575, 1.061095, 1.061925, 1.06191, 1.060555, 1.061025, 1.06083, 1.06053, 1.061165, 1.061705, 1.061465, 1.061365, 1.06141, 1.061265, 1.06106, 1.061465, 1.061755, 1.06146, 1.06138, 1.06154, 1.06024, 1.05922, 1.059945, 1.05977, 1.06029, 1.060585, 1.06063, 1.060935, 1.06128, 1.061415, 1.06156, 1.061955, 1.062075, 1.061495, 1.061415, 1.061605, 1.06195, 1.062115, 1.061395, 1.060175, 1.058355, 1.056765, 1.055745, 1.05644, 1.05716, 1.057075, 1.05626, 1.054725, 1.054145, 1.05394, 1.05421, 1.05357, 
1.053895, 1.05437, 1.054695, 1.0549, 1.05474, 1.055055, 1.05551, 1.05551, 1.05572, 1.05327, 1.053125, 1.054015, 1.05445, 1.054175, 1.05418, 1.053595, 1.053115, 1.05424, 1.05524, 1.05543, 1.05592, 1.056415, 1.055965, 1.05592, 1.05559, 1.055615, 1.055755, 1.05573, 1.05619, 1.05629, 1.05696, 1.057145, 1.057025, 1.05796, 1.058905, 1.05977, 1.05998, 1.060865, 1.0606, 1.06005, 1.059415, 1.060315, 1.061305, 1.061525, 1.061655, 1.06087, 1.06135, 1.059965, 1.05982, 1.062095, 1.064255, 1.06395, 1.063845, 1.063955, 
1.063325, 1.063015, 1.06356, 1.0634, 1.063405, 1.063605, 1.063685, 1.06382, 1.06412, 1.06437, 1.064115, 1.063685, 1.063215, 1.063205, 1.063075, 1.06327, 1.063415, 1.0633, 1.063255, 1.06341, 1.06317, 1.0633, 1.0637, 1.064305, 1.063975, 1.063085, 1.061875, 1.061905, 1.06183, 1.061705, 1.061, 1.061065, 1.060655, 1.06113, 1.06093, 1.06129, 1.06269, 1.061995, 1.06278, 1.06403, 1.063865, 1.06519, 1.0644, 1.062815, 1.06243, 1.06262, 1.06223, 1.06194, 1.06182, 1.062475, 1.062375, 1.06197, 1.06248, 1.062545, 
1.062465, 1.062685, 1.06315, 1.063085, 1.06332, 1.063025, 1.063325, 1.063555, 1.063575, 1.063365, 1.063425, 1.063545, 1.06348, 1.06358, 1.06402, 1.06439, 1.064725, 1.06514, 1.065645, 1.063745, 1.06188, 1.06218, 1.062415, 1.06308, 1.063485, 1.063935, 1.064185, 1.06466, 1.064735, 1.064445, 1.064625, 1.0641, 1.064035, 1.064825, 1.06552, 1.065505, 1.06556, 1.06536, 1.06602, 1.065025, 1.064495, 1.06023, 1.057415, 1.054535, 1.051545, 1.05254, 1.053345, 1.0533, 1.0531, 1.051665, 1.051215, 1.049255, 1.04784, 
1.04868, 1.05029, 1.05155, 1.051785, 1.051315, 1.050995, 1.05149, 1.051265, 1.05104, 1.050635, 1.05081, 1.049475, 1.048665, 1.04807, 1.048435, 1.049265, 1.049925, 1.05013, 1.049045, 1.047715, 1.04564, 1.04244, 1.04208, 1.042365, 1.041005, 1.042475, 1.043765, 1.043665, 1.04141, 1.042145, 1.04056, 1.0384, 1.038365, 1.04028, 1.04116, 1.04138, 1.04199, 1.04257, 1.04155, 1.04151, 1.04136, 1.04148, 1.041495, 1.04168, 1.041945, 1.04175, 1.04107, 1.042005, 1.0419, 1.04222, 1.04235, 1.04283, 1.04309, 1.04309, 
1.043185, 1.04307, 1.04269, 1.043165, 1.043955, 1.044225, 1.044085, 1.04466, 1.04428, 1.04357, 1.0433, 1.04496, 1.046305, 1.045705, 1.045335, 1.044445, 1.045275, 1.045135, 1.043665, 1.044445, 1.04286, 1.04188, 1.0428, 1.04109, 1.043375, 1.045305, 1.045765, 1.04556, 1.04484, 1.044615, 1.04423, 1.043615, 1.04329, 1.043815, 1.044485, 1.04473, 1.043235, 1.043675, 1.044185, 1.04448, 1.045135, 1.04485, 1.045055, 1.04607, 1.04597, 1.046335, 1.046215, 1.04581, 1.04549, 1.045665, 1.045795, 1.04584, 1.046035, 
1.046055, 1.046185, 1.04679, 1.046815, 1.04684, 1.04616, 1.04628, 1.046535, 1.04564, 1.044495, 1.044265, 1.04392, 1.043165, 1.04294, 1.0433, 1.04234, 1.04204, 1.04287, 1.04333, 1.04396, 1.044085, 1.044155, 1.04463, 1.044265, 1.04416, 1.04465, 1.04304, 1.041765, 1.040175, 1.040225, 1.040275, 1.039655, 1.039985, 1.03979, 1.03991, 1.040225, 1.04015, 1.039915, 1.0405, 1.040265, 1.040705, 1.041265, 1.041105, 1.040885, 1.04112, 1.040935, 1.0402, 1.039725, 1.039815, 1.03885, 1.037935, 1.038715, 1.03893, 
1.03883, 1.03833, 1.03869, 1.03852, 1.038025, 1.038675, 1.038355, 1.037995, 1.03725, 1.035835, 1.035895, 1.03617, 1.03644, 1.03708, 1.037745, 1.03817, 1.037665, 1.038425, 1.039305, 1.03936, 1.03996, 1.03946, 1.03922, 1.039005, 1.038825, 1.038895, 1.03889, 1.038845, 1.03881, 1.03906, 1.039355, 1.03906, 1.03956, 1.03929, 1.038725, 1.03914, 1.040645, 1.041005, 1.040965, 1.04108, 1.04101, 1.04122, 1.04092, 1.04081, 1.040415, 1.04101, 1.041085, 1.040885, 1.040135, 1.040045, 1.04003, 1.040005, 1.03941, 
1.04019, 1.04068, 1.040525, 1.041915, 1.042535, 1.042455, 1.043345, 1.044315, 1.04443, 1.044285, 1.04409, 1.042915, 1.042555, 1.04307, 1.0429, 1.042395, 1.04262, 1.042535, 1.042665, 1.04285, 1.042855, 1.042725, 1.04232, 1.04267, 1.042645, 1.042665, 1.042615, 1.043195, 1.04336, 1.04393, 1.044225, 1.04387, 1.04375, 1.04369, 1.04405, 1.043785, 1.043525, 1.04347, 1.043525, 1.04346, 1.044075, 1.044865, 1.044125, 1.04431, 1.044595, 1.044805, 1.044705, 1.04539, 1.0465, 1.046565, 1.045545, 1.04494, 1.044545, 
1.04436, 1.04395, 1.04495, 1.04568, 1.04786, 1.047105, 1.045575, 1.04516, 1.044525, 1.04425, 1.04435, 1.04399, 1.043515, 1.043465, 1.04345, 1.043555, 1.04355, 1.043665, 1.0436, 1.043545, 1.043555, 1.043775, 1.04369, 1.04383, 1.04392, 1.044115, 1.0443, 1.044175, 1.04401, 1.0442, 1.044215, 1.04457, 1.044715, 1.044725, 1.04483, 1.044605, 1.044515, 1.044115, 1.04392, 1.04444, 1.04481, 1.045755, 1.045385, 1.04487, 1.04443, 1.04495, 1.04513, 1.045155, 1.04433, 1.043885, 1.04327, 1.043625, 1.044255, 1.04564, 
1.04555, 1.04488, 1.044725, 1.044865, 1.044695, 1.04467, 1.04474, 1.04501, 1.04496, 1.045045, 1.044935, 1.045325, 1.0451, 1.044895, 1.044475, 1.043785, 1.043455, 1.04349, 1.043645, 1.043545, 1.043715, 1.043935, 1.043975, 1.044175, 1.04453, 1.044815, 1.04438, 1.044665, 1.044635, 1.04499, 1.04522, 1.04491, 1.04504, 1.04512, 1.045105, 1.04506, 1.044515, 1.044175, 1.04437, 1.04436, 1.044675, 1.045075, 1.045275, 1.045605, 1.04588, 1.045895, 1.0457, 1.04555, 1.04535, 1.04535, 1.045415, 1.045585, 1.04559, 
1.04557, 1.04561, 1.045655, 1.04562, 1.04586, 1.045875, 1.045885, 1.046135, 1.0462, 1.046755, 1.047075, 1.04686, 1.04672, 1.04667, 1.046695, 1.04704, 1.046945, 1.047115, 1.04757, 1.04762, 1.047395, 1.046805, 1.046775, 1.045785, 1.04472, 1.043965, 1.04367, 1.044085, 1.043515, 1.042335, 1.041405, 1.040785, 1.03971, 1.03975, 1.039225, 1.03923, 1.03933, 1.039385, 1.039545, 1.039415, 1.039315, 1.03805, 1.037965, 1.038875, 1.03955, 1.040075, 1.040735, 1.04115, 1.04106, 1.04107, 1.041295, 1.04119, 1.041595, 
1.04193, 1.04179, 1.04223, 1.042725, 1.0429, 1.043305, 1.043635, 1.04336, 1.043465, 1.04387, 1.044925, 1.045595, 1.04587, 1.04577, 1.045665, 1.04573, 1.04581, 1.045575, 1.04522, 1.04479, 1.045295, 1.046605, 1.04713, 1.04717, 1.046765, 1.045655, 1.045725, 1.045395, 1.04505, 1.045635, 1.04568, 1.045205, 1.04605, 1.04748, 1.048195, 1.048425, 1.048595, 1.047515, 1.04747, 1.048145, 1.048815, 1.04853, 1.04833, 1.048325, 1.048395, 1.048925, 1.048605, 1.048965, 1.05008, 1.058115, 1.05634, 1.05531, 1.055945, 
1.0549, 1.05412, 1.053575, 1.0529, 1.05252, 1.05266, 1.05284, 1.05312, 1.05342, 1.053905, 1.053355, 1.053005, 1.051705, 1.051155, 1.052175, 1.05405, 1.056845, 1.057225, 1.05553, 1.0546, 1.055465, 1.055865, 1.054445, 1.053985, 1.05452, 1.05434, 1.05383, 1.055515, 1.05574, 1.05533, 1.055525, 1.054555, 1.053705, 1.053735, 1.052845, 1.0526, 1.05299, 1.053095, 1.05303, 1.05192, 1.05216, 1.05657, 1.056255, 1.05585, 1.05658, 1.057415, 1.057935, 1.056955, 1.056005, 1.05563, 1.05527, 1.055245, 1.05538, 1.055695, 
1.05561, 1.05472, 1.054225, 1.05343, 1.05374, 1.05422, 1.054045, 1.05376, 1.053925, 1.05394, 1.05328, 1.052955, 1.052845, 1.05259, 1.051985, 1.0523, 1.05306, 1.05356, 1.05501, 1.055695, 1.056305, 1.05665, 1.05646, 1.05631, 1.05668, 1.055855, 1.05468, 1.05485, 1.054865, 1.05442, 1.054565, 1.05479, 1.054925, 1.054425, 1.05392, 1.053245, 1.053745, 1.05406, 1.053625, 1.05312, 1.052945, 1.05314, 1.05322, 1.05311, 1.05322, 1.05317, 1.053125, 1.05326, 1.052925, 1.052695, 1.05346, 1.053875, 1.053795, 1.053735, 
1.05291, 1.0527, 1.052915, 1.052495, 1.05256, 1.051505, 1.051485, 1.051545, 1.051275, 1.050625, 1.05056, 1.05123, 1.05186, 1.05235, 1.051665, 1.05115, 1.050765, 1.05067, 1.05044, 1.050045, 1.049905, 1.050335, 1.050565, 1.050685, 1.05062, 1.05043, 1.050685, 1.05049, 1.05052, 1.05072, 1.051365, 1.051355, 1.051485, 1.0515, 1.05177, 1.05195, 1.051995, 1.051875, 1.052015, 1.051835, 1.05156, 1.051785, 1.05208, 1.05228, 1.05219, 1.05154, 1.05174, 1.052015, 1.05217, 1.05198, 1.053, 1.053925, 1.0542, 1.05439, 
1.0556, 1.056205, 1.056665, 1.056535, 1.055885, 1.055415, 1.055745, 1.055305, 1.05496, 1.055265, 1.055595, 1.05619, 1.056755, 1.059405, 1.060095, 1.06016, 1.06091, 1.06165, 1.06171, 1.060685, 1.06104, 1.06043, 1.060995, 1.06151, 1.06181, 1.061355, 1.06084, 1.06097, 1.06077, 1.06094, 1.0608, 1.06088, 1.060575, 1.060435, 1.0602, 1.060105, 1.060275, 1.060245, 1.05972, 1.060155, 1.060035, 1.06176, 1.06277, 1.06282, 1.060615, 1.05936, 1.058885, 1.05874, 1.05843, 1.05803, 1.058555, 1.05949, 1.060075, 1.05981, 
1.05986, 1.059925, 1.06012, 1.05914, 1.058455, 1.058515, 1.058155, 1.057905, 1.057855, 1.0585, 1.058465, 1.05859, 1.058235, 1.058225, 1.058305, 1.057995, 1.05795, 1.05783, 1.057815, 1.05796, 1.057495, 1.057545, 1.058075, 1.058325, 1.058425, 1.058795, 1.058795, 1.05896, 1.058615, 1.05813, 1.058455, 1.05874, 1.058585, 1.05885, 1.059505, 1.05964, 1.05884, 1.058125, 1.057035, 1.056245, 1.057135, 1.057455, 1.05747, 1.0573, 1.05702, 1.05741, 1.05701, 1.056725, 1.056515, 1.05657, 1.057455, 1.05758, 1.0578, 
1.058265, 1.057835, 1.05712, 1.05684, 1.056695, 1.05672, 1.05663, 1.05699, 1.05676, 1.05661, 1.05667, 1.05653, 1.056555, 1.056765, 1.056985, 1.05709, 1.05716, 1.05688, 1.05652, 1.056665, 1.0567, 1.056545, 1.05636, 1.056125, 1.056035, 1.056215, 1.05636, 1.0566, 1.056865, 1.056165, 1.055675, 1.05558, 1.05515, 1.05531, 1.05556, 1.05582, 1.055655, 1.05581, 1.05565, 1.05535, 1.05462, 1.054845, 1.055555, 1.05569, 1.055665, 1.05561, 1.05512, 1.054625, 1.054265, 1.05402, 1.05421, 1.05474, 1.05452, 1.05479, 
1.054515, 1.054515, 1.0543, 1.054075, 1.05402, 1.053975, 1.054055, 1.05442, 1.05407, 1.053795, 1.05404, 1.053995, 1.054005, 1.053945, 1.053705, 1.05327, 1.053, 1.052995, 1.05289, 1.05298, 1.053205, 1.05374, 1.05342, 1.053035, 1.0542, 1.055335, 1.05541, 1.05604, 1.05588, 1.055965, 1.05595, 1.05588, 1.056205, 1.055455, 1.055265, 1.0567, 1.059675, 1.059175, 1.058455, 1.05824, 1.05737, 1.057995, 1.058175, 1.0583, 1.058365, 1.059145, 1.05896, 1.058875, 1.059105, 1.05856, 1.057845, 1.0576, 1.05781, 1.057505, 
1.05747, 1.057625, 1.058435, 1.05889, 1.058605, 1.058675, 1.05889, 1.0592, 1.059475, 1.05971, 1.0595, 1.0595, 1.059935, 1.05984, 1.059825, 1.05935, 1.05917, 1.059365, 1.060345, 1.06122, 1.06105, 1.061405, 1.061255, 1.061225, 1.060875, 1.060745, 1.060945, 1.06072, 1.0603, 1.062125, 1.06408, 1.062935, 1.06291, 1.06488, 1.065895, 1.066895, 1.066665, 1.067095, 1.06724, 1.068045, 1.068125, 1.068735, 1.069455, 1.069215, 1.068425, 1.067515, 1.067905, 1.06851, 1.06841, 1.06809, 1.068045, 1.06874, 1.06886, 
1.06869, 1.06828, 1.068445, 1.06876, 1.069315, 1.06969, 1.06976, 1.069825, 1.0698, 1.07021, 1.070185, 1.069875, 1.07062, 1.07089, 1.070135, 1.06838, 1.067875, 1.067225, 1.06695, 1.066865, 1.066835, 1.06721, 1.06716, 1.067075, 1.066675, 1.066005, 1.066545, 1.066555, 1.066255, 1.06682, 1.06729, 1.06684, 1.06638, 1.06597, 1.06605, 1.065675, 1.065805, 1.06566, 1.065515, 1.065365, 1.06524, 1.065335, 1.065325, 1.06542, 1.06529, 1.06486, 1.064795, 1.065365, 1.06539, 1.06546, 1.065625, 1.065525, 1.06536, 
1.065185, 1.065235, 1.06527, 1.065245, 1.06556, 1.065695, 1.065315, 1.064335, 1.06409, 1.06444, 1.06374, 1.064385, 1.06449, 1.064065, 1.063885, 1.064015, 1.06341, 1.063195, 1.063145, 1.062945, 1.062995, 1.063105, 1.06331, 1.0639, 1.063685, 1.06406, 1.064285, 1.06388, 1.0632, 1.06276, 1.06178, 1.06124, 1.06073, 1.06076, 1.060295, 1.06036, 1.06048, 1.06069, 1.06062, 1.060745, 1.061035, 1.061095, 1.06126, 1.06126, 1.061535, 1.061445, 1.061455, 1.06153, 1.061425, 1.061365, 1.061505, 1.06155, 1.06142, 
1.061755, 1.06208, 1.062625, 1.062765, 1.063325, 1.063315, 1.0631, 1.063325, 1.062835, 1.06239, 1.062095, 1.06241, 1.062205, 1.062785, 1.06237, 1.061585, 1.061475, 1.0619, 1.062335, 1.06294, 1.063345, 1.062895, 1.06353, 1.063795, 1.063185, 1.065755, 1.068915, 1.070135, 1.069815, 1.072245, 1.072825, 1.072775, 1.07303, 1.07329, 1.07312, 1.07343, 1.073585, 1.07386, 1.07394, 1.073305, 1.072815, 1.072705, 1.07251, 1.07233, 1.072375, 1.07224, 1.072295, 1.072645, 1.07278, 1.073015, 1.073255, 1.07308, 1.072855, 
1.072, 1.071235, 1.071155, 1.07102, 1.071685, 1.072105, 1.07267, 1.07266, 1.07208, 1.07256, 1.07289, 1.072755, 1.073155, 1.073805, 1.073315, 1.07317, 1.073555, 1.07364, 1.07345, 1.07215, 1.07143, 1.072835, 1.075375, 1.07637, 1.076725, 1.076665, 1.07653, 1.07703, 1.07695, 1.077165, 1.077085, 1.077125, 1.07708, 1.07689, 1.076625, 1.07689, 1.0771, 1.077175, 1.077215, 1.07714, 1.07721, 1.077085, 1.076965, 1.076905, 1.07748, 1.077835, 1.07715, 1.075745, 1.07609, 1.07643, 1.077335, 1.07744, 1.07702, 1.07702, 
1.074925, 1.07374, 1.073245, 1.07392, 1.07388, 1.073965, 1.074875, 1.07487, 1.074125, 1.07357, 1.07444, 1.074265, 1.07469, 1.07478, 1.074775, 1.07453, 1.073985, 1.0743, 1.073775, 1.07362, 1.073635, 1.07367, 1.07392, 1.07424, 1.07426, 1.07419, 1.074625, 1.075015, 1.075295, 1.07546, 1.075815, 1.07605, 1.076115, 1.07603, 1.076115, 1.076335, 1.07632, 1.07625, 1.07602, 1.076595, 1.077145, 1.077225, 1.07669, 1.076355, 1.07612, 1.07574, 1.075315, 1.075735, 1.075655, 1.075245, 1.07478, 1.075225, 1.07501, 
1.075545, 1.075395, 1.075435, 1.075215, 1.075195, 1.07472, 1.07399, 1.07406, 1.073475, 1.07321, 1.07346, 1.07358, 1.07412, 1.074265, 1.07405, 1.073905, 1.07378, 1.07375, 1.07355, 1.07309, 1.072775, 1.07427, 1.075595, 1.076345, 1.0766, 1.07637, 1.07603, 1.075795, 1.075385, 1.07564, 1.07559, 1.075565, 1.0761, 1.07639, 1.07678, 1.077785, 1.07817, 1.078895, 1.07968, 1.079595, 1.07928, 1.07928, 1.07971, 1.08052, 1.08082, 1.080445, 1.079825, 1.080185, 1.081005, 1.081445, 1.08112, 1.08044, 1.080195, 1.081075, 
1.08137, 1.081285, 1.08118, 1.08049, 1.07988, 1.080475, 1.08104, 1.08117, 1.08111, 1.080815, 1.08059, 1.080615, 1.080995, 1.081165, 1.081025, 1.080745, 1.08019, 1.07998, 1.07962, 1.07933, 1.079275, 1.079265, 1.079275, 1.0793, 1.07975, 1.080245, 1.08008, 1.079915, 1.08066, 1.080475, 1.079795, 1.080255, 1.07907, 1.07814, 1.078115, 1.078875, 1.07918, 1.079155, 1.07874, 1.078735, 1.07949, 1.08025, 1.080035, 1.080735, 1.081435, 1.08151, 1.080885, 1.08022, 1.080365, 1.080965, 1.08115, 1.080425, 1.079915, 
1.07935, 1.07942, 1.079825, 1.079825, 1.079515, 1.079375, 1.079245, 1.07937, 1.07925, 1.07912, 1.079065, 1.07897, 1.07848, 1.078435, 1.078415, 1.078335, 1.078385, 1.07878, 1.078925, 1.079115, 1.079155, 1.07911, 1.07926, 1.07994, 1.079955, 1.0795, 1.07888, 1.077775, 1.077725, 1.077685, 1.077425, 1.078005, 1.07896, 1.078645, 1.07801, 1.078055, 1.07855, 1.07819, 1.07814, 1.078725, 1.07864, 1.07803, 1.07839, 1.07837, 1.078515, 1.078045, 1.078025, 1.078165, 1.078445, 1.07848, 1.07857, 1.07858, 1.07828, 
1.07811, 1.078075, 1.07815, 1.078255, 1.078325, 1.077785, 1.076785, 1.07667, 1.07681, 1.076425, 1.076165, 1.07646, 1.076555, 1.07681, 1.07652, 1.076265, 1.07645, 1.07665, 1.076395, 1.07671, 1.077065, 1.077905, 1.079465, 1.079575, 1.080025, 1.080745, 1.080605, 1.080085, 1.080305, 1.080285, 1.08015, 1.08034, 1.079815, 1.079645, 1.07993, 1.07999, 1.080665, 1.08094, 1.080405, 1.08088, 1.08038, 1.080395, 1.080315, 1.08109, 1.080325, 1.07982, 1.07998, 1.08298, 1.083035, 1.08335, 1.08418, 1.08463, 1.08458, 
1.084155, 1.08426, 1.084495, 1.084115, 1.084335, 1.08449, 1.084605, 1.08474, 1.08462, 1.084445, 1.084435, 1.084645, 1.08509, 1.086195, 1.08652, 1.08679, 1.086695, 1.08622, 1.08567, 1.0861, 1.086765, 1.086395, 1.086555, 1.08739, 1.088465, 1.08926, 1.08988, 1.088705, 1.088325, 1.088025, 1.088545, 1.08828, 1.08764, 1.0869, 1.08673, 1.086885, 1.086895, 1.086865, 1.086495, 1.086395, 1.08629, 1.086385, 1.086385, 1.086335, 1.086245, 1.086435, 1.0862, 1.085985, 1.08643, 1.08604, 1.08597, 1.08627, 1.086135, 
1.086125, 1.086165, 1.08632, 1.08648, 1.08659, 1.08672, 1.08669, 1.085705, 1.08529, 1.085955, 1.08548, 1.085255, 1.08528, 1.08587, 1.086045, 1.08588, 1.085635, 1.085115, 1.08545, 1.085765, 1.08602, 1.086155, 1.08645, 1.08631, 1.08669, 1.08598, 1.08548, 1.084705, 1.0837, 1.083365, 1.082605, 1.08108, 1.080365, 1.080705, 1.081005, 1.081225, 1.081155, 1.08106, 1.081205, 1.08141, 1.08146, 1.081155, 1.081535, 1.08136, 1.0818, 1.081585, 1.081545, 1.081995, 1.08215, 1.08163, 1.081655, 1.081395, 1.08145, 
1.080935, 1.08091, 1.080445, 1.07945, 1.07884, 1.07844, 1.07869, 1.078955, 1.078735, 1.07894, 1.079115, 1.0789, 1.078835, 1.07684, 1.074815, 1.07587, 1.075345, 1.07552, 1.07508, 1.07552, 1.075375, 1.075325, 1.07543, 1.07533, 1.0757, 1.075955, 1.07532, 1.075365, 1.076445, 1.07685, 1.07661, 1.07658, 1.076565, 1.07661, 1.07667, 1.076495, 1.076235, 1.07596, 1.075535, 1.07519, 1.0753, 1.075405, 1.075, 1.07454, 1.074745, 1.07505, 1.07518, 1.075225, 1.0752, 1.07539, 1.07558, 1.076145, 1.075635, 1.074535, 
1.07345, 1.07361, 1.073685, 1.073445, 1.073685, 1.073895, 1.074275, 1.074135, 1.073835, 1.07297, 1.073155, 1.074195, 1.073365, 1.07322, 1.07324, 1.072585, 1.07244, 1.07136, 1.06969, 1.06895, 1.068865, 1.068895, 1.068585, 1.068165, 1.06817, 1.067685, 1.067785, 1.067885, 1.06805, 1.06826, 1.06849, 1.06853, 1.06835, 1.06825, 1.06825, 1.06812, 1.067925, 1.06799, 1.06804, 1.06771, 1.06747, 1.06744, 1.06745, 1.06752, 1.067965, 1.06808, 1.06805, 1.06887, 1.0692, 1.06931, 1.068955, 1.067845, 1.06742, 1.06784, 
1.06816, 1.0686, 1.06867, 1.06794, 1.068355, 1.06882, 1.06788, 1.0684, 1.069445, 1.06937, 1.069375, 1.06953, 1.068985, 1.06853, 1.068385, 1.068085, 1.067765, 1.06689, 1.066335, 1.0655)","c(-7.00000000000145e-05, -0.000209999999999821, 0.000229999999999952, -0.00063000000000013, 0.000310000000000032, -0.000149999999999872, -0.000170000000000003, -0.000209999999999821, 0.000600000000000156, -0.000390000000000112, 0.000330000000000163, 2.99999999999745e-05, 0.000329999999999941, -0.000539999999999985, 0.00116999999999989, 0.000830000000000108, 0.000310000000000032, 0, 0.000900000000000123, -0.000299999999999967, 0.000639999999999974, -0.000190000000000135, 0.000820000000000043, 0.00198999999999994, 
-0.00110999999999994, 0.000539999999999985, 0.000539999999999985, -0.000119999999999898, 0.00161000000000011, -0.000269999999999992, 0.000780000000000003, -0.000520000000000076, 0.000759999999999872, 0.000680000000000014, -0.000289999999999901, 0.000229999999999952, 0.000709999999999988, -0.000179999999999847, -0.000520000000000076, -0.000499999999999945, 0.00046999999999997, -5.9999999999949e-05, 6.99999999997925e-05, 0.000140000000000029, 7.00000000000145e-05, -0.00016000000000016, -8.000000000008e-05, 
-1.00000000000655e-05, -7.00000000000145e-05, -0.000260000000000149, -0.00030999999999981, 0.000950000000000006, 0.000660000000000105, -0.000129999999999963, 9.9999999999989e-05, 0.000150000000000095, 1.9999999999909e-05, 0.000199999999999978, 0.000340000000000007, -0.000499999999999945, -0.000139999999999807, -0.000420000000000087, 0.000259999999999927, 0.000920000000000032, 0.00175999999999998, -0.000809999999999977, -0.000450000000000061, 0.000269999999999992, -0.00051000000000001, 0.000689999999999857, 
0.000320000000000098, 0.00120000000000009, -0.000650000000000039, -0.000709999999999988, 0.000290000000000123, 0.00108999999999981, 0.000680000000000014, 0.000390000000000112, -9.9999999999989e-05, 0.00106000000000006, -0.000320000000000098, 0.000140000000000029, -0.000220000000000109, -0.00150000000000006, -0.000129999999999963, -0.000380000000000047, -0.000680000000000014, 0.000390000000000112, 3.9999999999818e-05, 0.000460000000000127, -4.000000000004e-05, -0.000129999999999963, 0.000110000000000054, 
0.000140000000000029, -0.000170000000000003, -0.000269999999999992, -0.000199999999999978, 0.0010699999999999, -2.99999999999745e-05, 0.0011000000000001, 2.99999999999745e-05, 0.00123000000000006, -0.000770000000000159, -0.000170000000000003, 0.000499999999999945, -0.000609999999999999, -0.00051000000000001, 5.9999999999949e-05, 0.00071000000000021, -0.000369999999999981, 0.000460000000000127, 0.000259999999999927, -0.00160000000000005, -0.000769999999999937, -0.000289999999999901, 0.000110000000000054, 
-0.00051000000000001, -0.000639999999999974, -0.000950000000000006, -5.9999999999949e-05, -0.000820000000000043, -0.000149999999999872, 0.000220000000000109, 0.000399999999999956, 9.9999999999989e-05, 0.0011000000000001, 0.000539999999999985, 0.000660000000000105, -0.000129999999999963, 0.000149999999999872, 0.000930000000000097, 0.000729999999999897, 4.000000000004e-05, -0.000750000000000028, 0.000860000000000083, -0.000709999999999988, -0.000159999999999938, -5.00000000001055e-05, 2.0000000000131e-05, 
7.00000000000145e-05, 0, -2.99999999999745e-05, -0.00059000000000009, -2.0000000000131e-05, 9.9999999999989e-05, 0.000170000000000003, 0.000170000000000003, -0.00107999999999997, -8.000000000008e-05, -9.9999999999989e-05, 0.000380000000000047, -5.00000000001055e-05, 5.9999999999949e-05, -4.000000000004e-05, -0.000209999999999821, -0.000519999999999854, 0.00102000000000002, 0.000240000000000018, -0.000350000000000072, -2.0000000000131e-05, 0.000759999999999872, -0.000529999999999919, -0.000520000000000076, 
0.00059000000000009, 0.000169999999999781, -0.000380000000000047, 0.000129999999999963, 0.000450000000000061, -0.000249999999999861, -0.000580000000000025, -0.000140000000000029, 0.000620000000000065, 0.000900000000000123, 0.000580000000000025, 0.000490000000000101, 0.000109999999999832, 0.000260000000000149, -0.000359999999999916, -0.000170000000000003, -0.000359999999999916, 0.000420000000000087, 9.9999999999989e-05, 0.000350000000000072, 0.00151999999999997, -0.000480000000000036, 0.00059000000000009, 
-0.000709999999999988, 0.000139999999999807, 0.00262000000000007, -0.000159999999999938, 0.000330000000000163, 0.000780000000000003, 0.00146000000000002, -0.00105999999999984, 0.000190000000000135, -0.000659999999999883, -0.00109999999999988, -0.000699999999999923, 0.000110000000000054, 0.000190000000000135, 0.000319999999999876, -0.000960000000000072, -0.000530000000000141, 0.000520000000000076, -0.000330000000000163, -0.000560000000000116, -0.000609999999999999, 5.9999999999949e-05, 0.000109999999999832, 
-0.00110999999999994, 0.000189999999999912, 0.000899999999999901, 0.00114000000000014, -0.000149999999999872, -0.000529999999999919, -0.000110000000000054, 0.000879999999999992, -0.000969999999999915, -0.000259999999999927, -0.000229999999999952, 0.000159999999999938, -0.000879999999999992, -0.0015099999999999, -0.000150000000000095, 0.000580000000000025, -0.000240000000000018, -0.000350000000000072, 0.000940000000000163, -0.000700000000000145, 0.000280000000000058, -9.9999999999989e-05, 7.00000000000145e-05, 
0.000709999999999988, -2.99999999999745e-05, -0.000240000000000018, -0.000250000000000083, 0.000420000000000087, -8.99999999999235e-05, -5.00000000001055e-05, 0.000659999999999883, -0.000690000000000079, -5.00000000001055e-05, -0.000559999999999894, 0.000289999999999901, -0.000619999999999843, 1.00000000000655e-05, 0.000369999999999981, 0.000210000000000043, 8.99999999999235e-05, 0.000220000000000109, 0.000179999999999847, -0.000129999999999963, 0.000340000000000007, -0.000149999999999872, 0.000439999999999996, 
0.00063000000000013, 0.000360000000000138, 0.000190000000000135, -0.000549999999999828, -0.000539999999999985, -7.00000000000145e-05, -0.000369999999999981, 0.000259999999999927, -0.00055000000000005, -0.000430000000000152, -7.00000000000145e-05, 0.000170000000000003, 0.000759999999999872, -0.000100000000000211, 0.000240000000000018, 0.000310000000000032, -0.000520000000000076, -5.00000000001055e-05, -0.00109999999999988, -0.00129000000000001, 0.000110000000000054, -7.9999999999858e-05, -0.000609999999999999, 
0.000720000000000054, 0.000620000000000065, -0.000609999999999999, -0.000899999999999901, 0.000399999999999956, 0.000569999999999959, -0.000580000000000025, -0.000559999999999894, -0.000259999999999927, 0.000729999999999897, 4.000000000004e-05, -0.00265999999999988, 0.00242000000000009, 0.00226999999999999, 0.00890999999999997, -0.000539999999999985, 0.00932999999999984, 0.00117000000000012, -0.00331999999999999, 0.00784999999999991, -0.000720000000000054, 0.000699999999999923, -0.00175999999999998, 
-0.00366, -0.000860000000000083, -0.00941999999999998, -0.000119999999999898, -0.00109999999999988, -0.00363000000000002, -0.00178999999999996, 0.00351000000000012, 0.000489999999999879, 0.000799999999999912, -0.000879999999999992, -0.00364999999999993, -0.00273999999999996, -0.000320000000000098, -0.00141999999999998, -0.00384000000000007, -0.00195999999999996, 0.00055000000000005, -0.000850000000000017, -0.000869999999999926, 0.0011000000000001, -0.00194000000000005, 0.000680000000000014, 0.000310000000000032, 
-0.00103000000000009, -0.000790000000000068, 0.000879999999999992, -7.00000000000145e-05, -0.00222000000000011, 0.000609999999999999, -0.000599999999999934, 0.000680000000000014, 0.000359999999999916, -0.000180000000000069, 0.000150000000000095, 0.0012700000000001, -0.000520000000000076, -0.000439999999999996, 0.00124999999999997, 0.000950000000000006, -0.000229999999999952, -7.00000000000145e-05, -0.000369999999999981, -0.000960000000000072, -0.000180000000000069, 0.000539999999999985, 0.0011000000000001, 
0.000219999999999887, 0, -0.00131000000000014, -0.000210000000000043, -0.000870000000000148, 0.000720000000000054, -0.00130999999999992, -0.00202999999999998, 0.000280000000000058, 0.000310000000000032, 0.000680000000000014, -0.000870000000000148, -0.00242999999999993, 0.00178000000000011, 0.000929999999999875, -0.000290000000000123, -0.00107999999999997, -0.00153000000000003, 0.00317000000000012, -0.0024900000000001, -0.000990000000000046, 0.00129000000000001, 0.000570000000000181, 0.000329999999999941, 
0.000269999999999992, 0.000780000000000003, -0.00051000000000001, -0.000499999999999945, 0, -0.000450000000000061, 0.000539999999999985, -1.00000000000655e-05, -0.000619999999999843, 9.9999999999989e-05, 7.00000000000145e-05, 0.000109999999999832, -0.000459999999999905, 0.000230000000000175, -0.000539999999999985, 0.000430000000000152, 0.00251000000000001, 1.9999999999909e-05, -0.00122, 0.00051000000000001, 0.000799999999999912, -0.000520000000000076, 2.0000000000131e-05, 0.000620000000000065, 0.000130000000000186, 
0.000129999999999963, -0.000609999999999999, -0.000189999999999912, -0.00125999999999982, -0.00129000000000001, 9.9999999999989e-05, -0.0012700000000001, -0.000170000000000003, 0.00116999999999989, 5.9999999999949e-05, -0.00055000000000005, -8.99999999999235e-05, -7.00000000000145e-05, 0.00285000000000002, 4.000000000004e-05, -0.00124000000000013, -0.00122, 5.9999999999949e-05, -0.00265999999999988, -0.000660000000000105, -0.00102000000000002, 0.000199999999999978, 0.00238000000000005, -0.000439999999999996, 
-0.000860000000000083, -0.000410000000000021, 0.00016000000000016, 0.000399999999999956, -0.000110000000000054, 0.000800000000000134, 1.00000000000655e-05, 0.000229999999999952, -0.00012000000000012, 0.000269999999999992, 0.000399999999999956, -0.00120999999999993, -0.00038999999999989, -0.00130999999999992, -0.000229999999999952, -0.00197000000000003, 0.000969999999999915, 0.000540000000000207, 0.000319999999999876, -0.000210000000000043, -0.000489999999999879, -0.000110000000000054, 9.9999999999989e-05, 
-0.00130999999999992, 0.000750000000000028, -0.000780000000000003, 0.00059000000000009, 0.000410000000000021, -0.00114000000000014, -0.00273000000000012, -0.00216000000000016, 0.0013399999999999, 0.00105999999999984, -0.000140000000000029, 0.000629999999999908, 0.000609999999999999, 0.00158000000000014, -0.00147999999999993, -0.000609999999999999, 0.00184000000000006, -0.00137999999999994, -0.00283999999999995, -0.00259000000000009, 0.000290000000000123, 0.00055000000000005, -0.000299999999999967, 
0.000280000000000058, 0.00163000000000002, 0.00103999999999993, 0.000929999999999875, -0.00134999999999996, -0.00198000000000009, -2.99999999999745e-05, 0.00116000000000005, -0.000170000000000003, 0.000850000000000017, -0.00063000000000013, 0.000199999999999978, 0.000529999999999919, 0.000150000000000095, -1.00000000000655e-05, 0.00195000000000012, -0.000329999999999941, 0.000459999999999905, -0.00102000000000002, -0.000410000000000021, -0.000340000000000007, 0.000480000000000036, -6.99999999997925e-05, 
-0.000180000000000069, -0.000250000000000083, 0.000249999999999861, -0.000250000000000083, 0.000369999999999981, -8.99999999999235e-05, 0.00219999999999998, 0.000179999999999847, 0.00248999999999988, 0.000450000000000061, -4.000000000004e-05, -0.000599999999999934, -0.000760000000000094, -0.00101000000000018, -0.000860000000000083, -0.000599999999999934, 0.000259999999999927, -1.00000000000655e-05, -0.00105, -0.00245000000000006, -0.00042999999999993, -0.000269999999999992, 0.00168999999999997, -0.00161999999999995, 
0.000899999999999901, -0.0011000000000001, -0.000319999999999876, 0.000930000000000097, 0.000420000000000087, -0.00192999999999999, 0.000499999999999945, -0.000480000000000036, 0.000529999999999919, 0.000700000000000145, -9.9999999999989e-05, -0.000650000000000039, 0.000189999999999912, 7.00000000000145e-05, 0.000289999999999901, -0.000180000000000069, 0.000739999999999963, 0.000609999999999999, 0.000499999999999945, -0.000459999999999905, 0.000740000000000185, 0.00112000000000001, -0.000420000000000087, 
-0.000459999999999905, -0.000320000000000098, -0.000380000000000047, 0.00051000000000001, -1.9999999999909e-05, 0.000189999999999912, 0.000280000000000058, -0.00261, -0.00195999999999996, 0.000479999999999814, 0.00051000000000001, 0.000669999999999948, -0.000729999999999897, -0.000609999999999999, 0.000230000000000175, -0.000979999999999981, -0.000530000000000141, -1.00000000000655e-05, 0.000359999999999916, 0.00144000000000011, -9.00000000001455e-05, -0.000320000000000098, -0.000830000000000108, 
-6.0000000000171e-05, -0.00280000000000014, 0.000850000000000017, 0.00187000000000004, 0.000780000000000003, -0.00112000000000001, -0.000979999999999981, -0.00136999999999987, -0.00016000000000016, 0.00103999999999993, 0.000479999999999814, -0.000240000000000018, 0.000330000000000163, 0.000410000000000021, 0.000499999999999945, 0.000439999999999996, 0.000780000000000003, -0.000129999999999963, -0.000189999999999912, -5.9999999999949e-05, 0.000659999999999883, -0.000189999999999912, -0.000730000000000119, 
7.00000000000145e-05, 0.000240000000000018, -0.000930000000000097, 5.9999999999949e-05, 0.000390000000000112, 0.000329999999999941, -0.00016000000000016, -0.00107000000000013, 0.000539999999999985, 0.000390000000000112, 0.00168000000000013, 0.000379999999999825, 0.00174999999999992, -0.000430000000000152, -0.000750000000000028, 0.000539999999999985, 5.00000000001055e-05, 0.000799999999999912, -0.000289999999999901, 0.000350000000000072, -0.00222999999999995, 0.000259999999999927, -0.00313000000000008, 
0.00226999999999999, -0.00223000000000018, -0.00100999999999996, -0.000499999999999945, -0.00148000000000015, -0.000310000000000032, 5.00000000001055e-05, -0.00204000000000004, 0.000709999999999988, -0.0015099999999999, 4.99999999998835e-05, -0.000179999999999847, -0.000340000000000007, 0.000159999999999938, -0.000119999999999898, 0.000149999999999872, -0.000170000000000003, 0.000190000000000135, 0.000140000000000029, -0.00055000000000005, -0.00124000000000013, 0.000250000000000083, -0.00290999999999997, 
0.000889999999999835, 0.00016000000000016, 0.000290000000000123, -0.000310000000000032, 0.000839999999999952, -0.000159999999999938, 0.00042999999999993, -0.000249999999999861, -0.00197000000000003, 0.00148999999999999, -9.00000000001455e-05, -0.00104000000000015, 0.00160000000000005, -0.00126000000000004, 0.00164999999999993, -0.000399999999999956, -0.000599999999999934, 0.00189000000000017, 0.000290000000000123, 0.000410000000000021, 0.000299999999999967, -0.000499999999999945, 0.000699999999999923, 
0.000450000000000061, -0.00236999999999998, -4.000000000004e-05, -0.00117999999999996, 9.9999999999989e-05, -0.00258000000000003, 0.000829999999999886, 0.00173000000000001, -0.000839999999999952, -0.000479999999999814, 0.00127999999999995, -0.000159999999999938, 0.000399999999999956, -0.000149999999999872, -0.000520000000000076, -0.000159999999999938, -7.00000000000145e-05, -0.000669999999999948, -9.9999999999989e-05, -0.000480000000000036, -0.000269999999999992, -0.000380000000000047, -0.000569999999999959, 
0.000199999999999978, 0.0021199999999999, -0.000770000000000159, 0.000709999999999988, 7.9999999999858e-05, 0.000329999999999941, -0.000170000000000003, -0.000650000000000039, -0.000489999999999879, -0.000269999999999992, 0.000189999999999912, 0.000299999999999967, 0.000299999999999967, -2.0000000000131e-05, 0.000669999999999948, 0.00168000000000013, 0.000699999999999923, 0.000609999999999999, 0.00063000000000013, -0.00101000000000018, -0.000159999999999938, -0.000830000000000108, 0.000739999999999963, 
-0.000809999999999977, 0.000920000000000032, 0.000119999999999898, -0.000119999999999898, 0.000569999999999959, 0.000109999999999832, -0.00141000000000013, -0.000359999999999916, 0.00055000000000005, -0.000490000000000101, -0.000760000000000094, -0.00178000000000011, 0.00114000000000014, -0.000180000000000069, -0.00143999999999989, 0.000970000000000137, 4.99999999998835e-05, 0.000850000000000017, 0.000800000000000134, 0.000769999999999937, 9.9999999999989e-05, 9.9999999999989e-05, 0.000609999999999999, 
-0.000289999999999901, -0.000350000000000072, 0.00100000000000011, 0.00120000000000009, -0.000990000000000046, 0.000340000000000007, -0.000660000000000105, -0.000479999999999814, -0.000189999999999912, -4.000000000004e-05, 0.00034999999999985, 1.9999999999909e-05, -0.000329999999999941, -0.000180000000000069, 0.000369999999999981, -0.000540000000000207, -0.00099999999999989, -0.000460000000000127, 0.000839999999999952, 0.00099999999999989, 0.000969999999999915, 0.00134999999999996, -0.000569999999999959, 
-0.00135000000000018, -0.000119999999999898, 0.000529999999999919, -0.000729999999999897, -0.000869999999999926, -0.00109000000000004, 0.000330000000000163, -0.000280000000000058, 0.000909999999999966, 0.000170000000000003, -0.0021500000000001, -0.00167000000000006, 0.00287999999999999, 0.000609999999999999, 0.000790000000000068, -0.000179999999999847, -0.00067000000000017, 0.000110000000000054, -0.000310000000000032, 0.000780000000000003, 0.000229999999999952, -0.000170000000000003, 0, 0.000110000000000054, 
2.99999999999745e-05, 8.99999999999235e-05, 0.000149999999999872, 0.00042999999999993, -0.000299999999999967, -0.000499999999999945, 0.000280000000000058, -0.000310000000000032, 0.000299999999999967, 0.000359999999999916, -0.000420000000000087, -2.99999999999745e-05, -8.000000000008e-05, 7.00000000000145e-05, 0.000140000000000029, 0.000210000000000043, 0.000209999999999821, 0.000739999999999963, -0.000180000000000069, -0.00139, -0.000569999999999959, -0.000970000000000137, -0.000149999999999872, 
0.000489999999999879, 0.000219999999999887, 0.0013399999999999, -2.99999999999745e-05, -0.000490000000000101, -0.000580000000000025, -0.000420000000000087, -0.00217999999999985, -0.00334000000000012, -0.000259999999999927, -0.000109999999999832, -0.00170000000000003, -0.000390000000000112, 0.00147999999999993, 0.00109000000000004, 0.000459999999999905, -0.000620000000000065, 5.00000000001055e-05, -0.00063000000000013, -0.000180000000000069, -5.00000000001055e-05, 0.000810000000000199, -0.000330000000000163, 
-0.000149999999999872, 0.000110000000000054, -0.000240000000000018, 0.000140000000000029, -0.0010199999999998, 4.000000000004e-05, -0.000250000000000083, -7.00000000000145e-05, 0.000119999999999898, -0.00059000000000009, -5.9999999999949e-05, -0.000450000000000061, -1.00000000000655e-05, 0.000340000000000007, 0.000800000000000134, 0.000250000000000083, -7.9999999999858e-05, 0.000459999999999905, -0.000449999999999839, -0.000310000000000032, 0.000909999999999966, -0.0012700000000001, 0.000210000000000043, 
0.00159999999999982, 0.00102000000000002, 0.000240000000000018, -0.00139999999999985, 0.0015099999999999, 0.000950000000000006, -0.00133000000000005, 0.000619999999999843, -0.00195999999999996, -9.99999999984347e-06, 0.00116000000000005, 0.00042999999999993, 0.000569999999999959, -5.00000000001055e-05, -0.00103999999999993, 0.00113000000000008, -0.00158999999999998, -1.9999999999909e-05, -0.000170000000000003, 7.00000000000145e-05, -0.000140000000000029, 0, -0.000119999999999898, 0.000159999999999938, 
-0.000229999999999952, 0.000240000000000018, -0.000460000000000127, 0.000659999999999883, -4.99999999998835e-05, 0.000219999999999887, 0.000180000000000069, -0.00135999999999981, 0.000680000000000014, -0.000669999999999948, 0.000979999999999981, -0.000490000000000101, 0.00100999999999996, 0.000539999999999985, 0.000769999999999937, -0.000240000000000018, -0.000259999999999927, 0.000479999999999814, -0.000569999999999959, 0.000180000000000069, 0.000809999999999977, 0.00235000000000007, -0.00146000000000002, 
0.00127999999999995, -0.000269999999999992, -0.000210000000000043, -4.99999999998835e-05, -0.000709999999999988, 0.000840000000000174, -0.000290000000000123, -0.000780000000000003, 0.000460000000000127, -0.000219999999999887, 0.000879999999999992, 0.000680000000000014, 0.00129000000000001, -0.00055000000000005, -0.000890000000000057, 0.000189999999999912, -0.000529999999999919, -0.000379999999999825, -0.000170000000000003, -9.00000000001455e-05, 0.000780000000000003, -9.99999999984347e-06, -0.000229999999999952, 
-0.00141999999999998, 0.000879999999999992, 7.00000000000145e-05, -0.000269999999999992, -0.000189999999999912, 0.000489999999999879, -0.00046999999999997, -0.000860000000000083, -0.00042999999999993, -0.000269999999999992, 0.00134999999999996, 0.000930000000000097, 0.00110999999999994, 0.000640000000000196, 0.000939999999999941, 0.00252999999999992, -0.000860000000000083, -0.000450000000000061, -0.000709999999999988, 0.000799999999999912, -1.9999999999909e-05, 0.000580000000000025, -0.00113000000000008, 
2.99999999999745e-05, -0.000609999999999999, 0.000220000000000109, 0.000680000000000014, 0.00099999999999989, -0.000399999999999956, -0.000780000000000003, -0.00123000000000006, -0.000690000000000079, -0.000360000000000138, -0.00200999999999985, -0.000789999999999846, -0.000769999999999937, -0.00137999999999994, 0.00116000000000005, -0.00252999999999992, 0.000639999999999974, 0.00107999999999997, 0.000879999999999992, -0.00115000000000021, 0.00117000000000012, -0.00198000000000009, 0.000500000000000167, 
0.000539999999999985, 0.000259999999999927, 0.000669999999999948, 0.000320000000000098, -0.000269999999999992, 0.000150000000000095, 0.00107999999999997, -0.000109999999999832, 0.000689999999999857, -0.000179999999999847, 0.000159999999999938, 0.000360000000000138, 0.000259999999999927, -9.9999999999989e-05, -0.000680000000000014, -0.000459999999999905, 0.00046999999999997, -0.000739999999999963, -0.000529999999999919, -0.000620000000000065, 0.000190000000000135, 0.000520000000000076, 0.000219999999999887, 
-0.000220000000000109, 0.000359999999999916, 0.00063000000000013, -0.000439999999999996, -0.00117999999999996, 0.00102999999999986, 0.000780000000000003, -0.00182000000000015, -0.000709999999999988, 0.00105, 0.000140000000000029, 0.000760000000000094, -0.000210000000000043, -0.000599999999999934, -0.0010699999999999, 0.000100000000000211, -0.00102000000000002, -0.000179999999999847, 0.00105, 0.00138000000000016, 0.00131000000000014, 0.000340000000000007, -0.000669999999999948, 0.00154999999999994, 
0.000269999999999992, -0.000229999999999952, 0.00160999999999989, 0.000459999999999905, -0.00038999999999989, 0.000370000000000203, -0.000380000000000047, 0.000180000000000069, 0.000909999999999966, -0.000539999999999985, -4.99999999998835e-05, 1.00000000000655e-05, 0.000140000000000029, -0.000269999999999992, 0.000969999999999915, -0.000889999999999835, -0.000560000000000116, 0.000780000000000003, -0.000119999999999898, -0.00104000000000015, -0.000560000000000116, -8.000000000008e-05, -0.000240000000000018, 
0.00038999999999989, -3.9999999999818e-05, -0.000140000000000029, 0.000149999999999872, -0.000189999999999912, -1.9999999999909e-05, -0.000830000000000108, 0.00153000000000003, 0.00175999999999998, -0.00126000000000004, -0.000669999999999948, 0.000909999999999966, 0.000669999999999948, 0.000739999999999963, -0.00124999999999997, -0.00105999999999984, -0.000100000000000211, -0.000860000000000083, 0.000269999999999992, -0.00195999999999996, -0.0011000000000001, -0.000490000000000101, 0.00149999999999983, 
-0.00391999999999992, 0.000809999999999977, 0.00116999999999989, 0.000949999999999784, -0.000829999999999886, 5.00000000001055e-05, 0, 0.00055000000000005, 0.000300000000000189, -0.000320000000000098, 0, -0.000929999999999875, 0.000450000000000061, 0.00038999999999989, -1.9999999999909e-05, -0.000580000000000025, 0.000939999999999941, -0.00059000000000009, -0.000140000000000029, 0.000299999999999967, -0.000210000000000043, 0.000750000000000028, 0.000279999999999836, -0.000410000000000021, 2.99999999999745e-05, 
0.000259999999999927, 0.000639999999999974, 0.000529999999999919, 0.00126999999999988, -0.000249999999999861, -0.000639999999999974, -0.000310000000000032, -0.000869999999999926, 0.000350000000000072, 0.00067000000000017, 0.00134999999999996, -4.000000000004e-05, -0.00133000000000005, 0.00137999999999994, -0.000620000000000065, 0.000620000000000065, -0.00137999999999994, 4.000000000004e-05, 0.00124000000000013, -0.00242999999999993, -0.000720000000000054, 7.9999999999858e-05, 0.00151000000000012, 
0.00163000000000002, 0.000580000000000025, -0.00133000000000005, 0.000419999999999865, 0.000369999999999981, 0.00158999999999998, 0.00141000000000013, -0.00127999999999995, -9.99999999984347e-06, 0.00141999999999998, -7.00000000000145e-05, 8.000000000008e-05, 0.000350000000000072, -0.00046999999999997, -0.000129999999999963, 0.00046999999999997, 4.000000000004e-05, 5.00000000001055e-05, 0.000439999999999996, 0.000170000000000003, -0.000220000000000109, 0.000340000000000007, -0.000329999999999941, 
0.0012500000000002, 0.000330000000000163, -0.00055000000000005, 0.00063000000000013, -0.000129999999999963, -5.00000000001055e-05, -0.000360000000000138, -0.000699999999999923, -0.000180000000000069, -0.000490000000000101, -0.000229999999999952, -5.9999999999949e-05, -0.00164999999999993, -0.000410000000000021, 0.000250000000000083, -0.000189999999999912, 0.000399999999999956, 0.000229999999999952, -0.00186999999999982, 0.00130000000000008, -0.000909999999999966, 0.00172000000000017, -0.000150000000000095, 
0.00149999999999983, -0.000460000000000127, 0.00116999999999989, -0.000589999999999868, 0.00113000000000008, -0.000280000000000058, -0.000109999999999832, -0.00156000000000001, 0.000199999999999978, -0.000140000000000029, 0.000580000000000025, -0.000129999999999963, 0.000859999999999861, -0.00115999999999983, -0.000129999999999963, 0.00204999999999989, -0.00878000000000001, -0.00444, 0.00063000000000013, 0.00283999999999995, -0.000140000000000029, 0.000240000000000018, 0.000760000000000094, -0.00137999999999994, 
-0.000390000000000112, -8.000000000008e-05, -0.00114999999999998, 0.000490000000000101, -0.000380000000000047, 0.000569999999999959, 0.000909999999999966, 0.000599999999999934, -0.000790000000000068, 0.000939999999999941, 0.00207999999999986, 0.00147000000000008, 0.00451000000000001, -0.00109999999999988, 0.000489999999999879, -0.000930000000000097, 0.000449999999999839, 0.00167000000000006, 0.00448999999999988, -0.000180000000000069, 2.0000000000131e-05, -0.000500000000000167, 0.000420000000000087, 
-0.000980000000000203, 0.00317999999999996, 0.00128000000000017, 0.000129999999999963, -0.000809999999999977, 1.00000000000655e-05, -0.000229999999999952, 0.00143000000000004, 0.00305999999999984, 0.00116999999999989, 1.9999999999909e-05, -0.000380000000000047, -0.000650000000000039, -0.000269999999999992, -0.000369999999999981, -0.000119999999999898, 0.000219999999999887, -0.000250000000000083, -0.000310000000000032, 0.000350000000000072, -0.000520000000000076, 0.000140000000000029, -0.000260000000000149, 
0.000159999999999938, 0.000380000000000047, 0.000280000000000058, -1.9999999999909e-05, -0.000320000000000098, -0.000520000000000076, 0.000159999999999938, -0.000129999999999963, 0.000240000000000018, -0.000290000000000123, -0.000669999999999948, -0.000690000000000079, 0.00124999999999997, 0.000829999999999886, 0.00142999999999982, -0.000619999999999843, -0.000210000000000043, -0.000170000000000003, 0.000820000000000043, -0.000470000000000192, -0.000279999999999836, -0.00299999999999989, -0.000129999999999963, 
-0.000279999999999836, 0.000759999999999872, -0.000799999999999912, -0.000110000000000054, 0.000159999999999938, 0.00143999999999989, -0.00151999999999997, -0.000170000000000003, -0.00136999999999987, -0.00130000000000008, 0.000769999999999937, -0.000340000000000007, 7.00000000000145e-05, 0.000189999999999912, 0.000589999999999868, 0.000300000000000189, 0.000259999999999927, -0.000179999999999847, -0.000279999999999836, 0, -7.00000000000145e-05, 0.000269999999999992, -0.000110000000000054, 0.000129999999999963, 
-0.000350000000000072, 0.000269999999999992, 0.000199999999999978, -0.000190000000000135, 0.000190000000000135, 8.99999999999235e-05, 0.000110000000000054, -5.9999999999949e-05, 2.99999999999745e-05, -0.000210000000000043, -0.000170000000000003, 0.000609999999999999, -0.000760000000000094, 0.000359999999999916, -0.000780000000000003, 0.00109999999999988, 0.000180000000000069, 0.000250000000000083, -0.000899999999999901, 0.000390000000000112, -0.000800000000000134, 0.000839999999999952, 3.9999999999818e-05, 
0.000279999999999836, 0.000539999999999985, -0.000519999999999854, 0.000900000000000123, 0.000719999999999832, -4.000000000004e-05, 0.00229999999999997, 5.9999999999949e-05, -0.00137999999999994, 0.000530000000000141, -0.000489999999999879, -0.000939999999999941, 0.00109999999999988, -0.000150000000000095, 0.000210000000000043, 0.000279999999999836, 0.000719999999999832, -0.000189999999999912, -0.000350000000000072, -0.000669999999999948, 0.000320000000000098, 0.000170000000000003, -1.9999999999909e-05, 
0.000220000000000109, 0.000519999999999854, -0.00099999999999989, -0.000109999999999832, 0.00126999999999988, -0.000159999999999938, 0.000589999999999868, 0.00042999999999993, 0.000140000000000029, -0.000150000000000095, -0.000119999999999898, 0.00016000000000016, -0.000250000000000083, -0.000290000000000123, -0.000599999999999934, 0.000380000000000047, -0.000350000000000072, 0.00113999999999992, 0.00126000000000004, 0.000950000000000006, 0.000459999999999905, -0.000879999999999992, 9.99999999984347e-06, 
-0.000580000000000025, -0.000280000000000058, 0.000900000000000123, -0.00414000000000003, -0.00102999999999986, -0.00736999999999988, -0.00110999999999994, -0.00268000000000002, -0.00148000000000015, -2.99999999999745e-05, 0.000480000000000036, 0.000669999999999948, -0.00139999999999985, -0.000269999999999992, -7.9999999999858e-05, -0.000439999999999996, 0.000360000000000138, 0.00051000000000001, 0.000340000000000007, -4.000000000004e-05, -0.000149999999999872, -7.00000000000145e-05, 0.000220000000000109, 
-0.000240000000000018, 0.000260000000000149, 0.00046999999999997, -0.00091999999999981, 0.000600000000000156, -3.00000000001965e-05, -0.00265999999999988, 0.000700000000000145, 0.000260000000000149, -0.000150000000000095, 0.000850000000000017, -5.9999999999949e-05, 0.000150000000000095, 0.000580000000000025, 0.000299999999999967, 5.9999999999949e-05, -0.000259999999999927, 0.0010699999999999, -0.00042999999999993, -0.00051000000000001, 0.000310000000000032, -0.00059000000000009, 0.00131999999999999, 
-0.000809999999999977, -0.000690000000000079, -0.00173000000000001, -0.00178999999999996, -0.00163000000000002, -0.000769999999999937, 0.00261999999999984, -0.000250000000000083, -0.000900000000000123, -0.00130000000000008, -0.00067000000000017, -0.00119000000000002, 0.000709999999999988, -0.000189999999999912, -0.000180000000000069, 0.000159999999999938, 0.00055000000000005, 9.9999999999989e-05, 5.9999999999949e-05, 0.000660000000000105, -1.00000000000655e-05, 0.000639999999999974, -0.00046999999999997, 
0.000110000000000054, -0.000129999999999963, -0.00016000000000016, 0.00133000000000005, 0.000129999999999963, -0.000809999999999977, 0.000809999999999977, -0.00129000000000001, 0.000729999999999897, 0.00107999999999997, 0.000680000000000014, 0.000129999999999963, 0.000740000000000185, -0.000159999999999938, -0.000180000000000069, -0.000219999999999887, -0.000220000000000109, 0.000150000000000095, 0.000249999999999861, 0.000180000000000069, 0.000259999999999927, 0.000150000000000095, -4.000000000004e-05, 
0.000800000000000134, -0.000569999999999959, 0.00237999999999983, 0.000179999999999847, 0.000520000000000076, 0.000889999999999835, 0.00042999999999993, -0.000519999999999854, -0.00102000000000002, 1.00000000000655e-05, 0.00157000000000007, -0.000410000000000021, 0.00131999999999999, -0.00105, -2.99999999999745e-05, -0.000230000000000175, -0.000820000000000043, 0.000539999999999985, 0.00319999999999987, 0.000409999999999799, -0.000129999999999963, -0.000180000000000069, -0.000219999999999887, -0.00067000000000017, 
0.000459999999999905, -4.000000000004e-05, 5.9999999999949e-05, -5.9999999999949e-05, 0.000439999999999996, 0.000140000000000029, 4.000000000004e-05, 0.000210000000000043, -9.99999999984347e-06, -0.000240000000000018, -0.000620000000000065, 2.99999999999745e-05, -0.000260000000000149, 0.000110000000000054, 0.000159999999999938, -1.00000000000655e-05, 0.000170000000000003, -0.000139999999999807, -5.00000000001055e-05, 9.99999999984347e-06, 0.000159999999999938, 0.000780000000000003, -0.000360000000000138, 
0.00042999999999993, -0.00218999999999991, 0.00034999999999985, -0.000839999999999952, 0.000229999999999952, -0.000629999999999908, 0.000260000000000149, -0.000599999999999934, -0.000129999999999963, 0.000229999999999952, -0.000399999999999956, 0.00151000000000012, 0.000609999999999999, -0.00107000000000013, 0.00241999999999987, -0.000350000000000072, 0.000250000000000083, 0.00102000000000002, -0.00147999999999993, -0.000930000000000097, -7.9999999999858e-05, 8.99999999999235e-05, -0.000539999999999985, 
-0.000150000000000095, 0.000350000000000072, 0.000329999999999941, -0.000450000000000061, 0.00012000000000012, 0.000190000000000135, 0.000180000000000069, -5.9999999999949e-05, -9.00000000001455e-05, 0.000360000000000138, 0.000780000000000003, -0.000379999999999825, -0.000140000000000029, 0.000370000000000203, 0.000359999999999916, -0.000140000000000029, -4.000000000004e-05, 0, 2.0000000000131e-05, 4.000000000004e-05, 5.9999999999949e-05, 0.000739999999999963, 0.000269999999999992, 4.000000000004e-05, 
0.000969999999999915, -0.000740000000000185, -0.00230999999999981, -3.9999999999818e-05, -0.000329999999999941, 0.000329999999999941, 0.000299999999999967, 0.00122999999999984, -0.000140000000000029, 0.000879999999999992, -0.000459999999999905, -0.000240000000000018, 0.000390000000000112, -0.000580000000000025, -0.000240000000000018, 0.000170000000000003, 0.00185999999999997, -0.000839999999999952, 0.000410000000000021, 0.000129999999999963, 0.000180000000000069, -0.000179999999999847, -0.000760000000000094, 
0, -0.00619000000000014, -0.00265000000000004, -0.00285999999999986, 0.000240000000000018, -0.000499999999999945, 0.000680000000000014, -8.000000000008e-05, -0.000559999999999894, -0.00185999999999997, 0.000269999999999992, -0.00390999999999986, 0.00134999999999996, 0.00122999999999984, 0.00156000000000001, 0.00051000000000001, -4.000000000004e-05, -0.000789999999999846, 0.000179999999999847, 0.000180000000000069, -0.000199999999999978, -0.00038999999999989, -0.000199999999999978, -0.000100000000000211, 
-0.00177000000000005, 0.000460000000000127, -0.000520000000000076, -0.00059000000000009, 0.00283999999999995, -0.000680000000000014, -0.000150000000000095, -0.00183, -0.000680000000000014, -0.00380000000000003, -0.00259999999999994, 0.00234999999999985, -0.00224999999999986, 0.000879999999999992, 0.00153000000000003, 0.000560000000000116, -0.00153999999999987, -0.000890000000000057, -0.000350000000000072, -0.00166999999999984, -0.00245999999999991, 0.00190000000000001, 0.00207000000000002, -0.000119999999999898, 
0.000920000000000032, 0.000170000000000003, 0.000269999999999992, -0.0015400000000001, 0.000259999999999927, -0.000210000000000043, 0.000189999999999912, 0.000520000000000076, 0.000170000000000003, -0.000110000000000054, -0.000240000000000018, -0.000420000000000087, 0.00106000000000006, -0.000459999999999905, 9.00000000001455e-05, 0.000939999999999941, 0.000129999999999963, 0.000180000000000069, -0.000110000000000054, 0.000380000000000047, -0.00051000000000001, -0.000370000000000203, 0.000760000000000094, 
0.00113000000000008, -0.000199999999999978, -0.000320000000000098, 0.00120000000000009, -0.00119000000000002, -0.000539999999999985, 0.000109999999999832, 0.00273999999999996, -0.000399999999999956, -0.000560000000000116, -0.00038999999999989, -6.99999999997925e-05, 0.000829999999999886, -0.0021199999999999, -0.000369999999999981, 0.00134999999999996, -0.00315999999999983, 0.00117999999999996, -0.000430000000000152, -0.00123000000000006, 0.00395999999999996, 0.000359999999999916, 0.000619999999999843, 
-0.00136000000000003, 0.000689999999999857, -0.000559999999999894, -0.000680000000000014, -0.000659999999999883, 5.9999999999949e-05, 0.000830000000000108, 0.000229999999999952, 0.000680000000000014, 5.9999999999949e-05, 0.000759999999999872, 0.000410000000000021, 0.000310000000000032, 0.000289999999999901, -0.000290000000000123, 0.00107999999999997, -0.000119999999999898, 0.00059000000000009, -0.000130000000000186, -9.00000000001455e-05, -0.000170000000000003, -0.000210000000000043, 0.000290000000000123, 
-0.000110000000000054, 0.00038999999999989, -0.000129999999999963, 0.00046999999999997, -0.000609999999999999, 0.00170999999999988, -0.00105999999999984, 1.9999999999909e-05, -0.000609999999999999, 0.000439999999999996, 2.99999999999745e-05, -0.00161999999999995, 4.000000000004e-05, -0.000439999999999996, -0.000730000000000119, -0.000890000000000057, -1.9999999999909e-05, 2.99999999999745e-05, -0.00129000000000001, 0.00139, 0.000100000000000211, -6.0000000000171e-05, 0.00206000000000017, -0.00151999999999997, 
0.00143000000000004, -0.000439999999999996, -0.000290000000000123, 0.000199999999999978, 0.000350000000000072, -0.00225000000000009, -0.00174000000000007, -0.000419999999999865, -0.000189999999999912, -0.000140000000000029, -0.00034999999999985, 0.00055000000000005, -0.000180000000000069, 7.9999999999858e-05, 0.000109999999999832, 0, -0.00042999999999993, 0.000459999999999905, 4.000000000004e-05, 0.000760000000000094, -0.000199999999999978, 0.000140000000000029, 0.000260000000000149, 0.000259999999999927, 
-0.00103999999999993, -0.000229999999999952, -0.000399999999999956, -0.000150000000000095, -0.00142999999999982, 0.000170000000000003, 7.00000000000145e-05, 0.000609999999999999, -0.000780000000000003, 0.000180000000000069, 0.000479999999999814, -0.000650000000000039, 2.0000000000131e-05, 0.000569999999999959, -0.000920000000000032, -0.000190000000000135, -0.00163999999999986, -0.000569999999999959, 0.00012000000000012, 0.00122999999999984, -0.000210000000000043, 0.000369999999999981, 0.000909999999999966, 
-0.000340000000000007, -0.000219999999999887, 0.00160000000000005, 0.000180000000000069, 0.000599999999999934, -0.000369999999999981, 0, -0.000350000000000072, -0.000189999999999912, -0.000129999999999963, 0.000230000000000175, -0.000189999999999912, -8.99999999999235e-05, 0.000199999999999978, 7.00000000000145e-05, 0.000419999999999865, -0.000320000000000098, -7.00000000000145e-05, 1.00000000000655e-05, 0, 0.000529999999999919, 0.00183, -0.00046999999999997, 0.000240000000000018, -0.000210000000000043, 
0.000159999999999938, 0.000119999999999898, -0.000150000000000095, -0.000739999999999963, 0.000119999999999898, 0.000759999999999872, -0.000280000000000058, -0.000299999999999967, -0.000229999999999952, -0.000350000000000072, -8.99999999999235e-05, -0.000240000000000018, 0.000149999999999872, 0.000879999999999992, -0.000100000000000211, -8.000000000008e-05, 0.0022899999999999, -0.00105, 0.000839999999999952, 0.00140999999999991, 0.00012000000000012, -6.0000000000171e-05, -0.000330000000000163, -0.000620000000000065, 
-0.000790000000000068, 0, 0.000839999999999952, -0.000650000000000039, -2.0000000000131e-05, 0, -2.99999999999745e-05, -9.00000000001455e-05, 0.000220000000000109, 0.000299999999999967, -0.000580000000000025, -0.00016000000000016, 0.00046999999999997, -0.000119999999999898, 0.000110000000000054, -0.000170000000000003, 0.000739999999999963, 8.99999999999235e-05, 0.000760000000000094, 9.99999999984347e-06, -0.000599999999999934, 0.000279999999999836, -1.9999999999909e-05, 0.000159999999999938, -0.000539999999999985, 
0.000219999999999887, -0.000369999999999981, 0.000360000000000138, -1.9999999999909e-05, 0.000680000000000014, -2.99999999999745e-05, -0.000580000000000025, 0.000639999999999974, -0.000299999999999967, 0.00109999999999988, -0.000960000000000072, 0.00221999999999989, 0, -6.0000000000171e-05, -0.00153999999999987, -0.000119999999999898, 6.0000000000171e-05, -0.00102999999999986, 4.000000000004e-05, 0.00210999999999983, -0.000119999999999898, 0.00248999999999988, -0.00248999999999988, -0.000369999999999981, 
-0.000190000000000135, -0.000840000000000174, -0.000269999999999992, 0.000170000000000003, -0.000520000000000076, -0.000499999999999945, 0.000180000000000069, 0.000240000000000018, -0.00034999999999985, 0.000329999999999941, -0.000189999999999912, 0.000240000000000018, -0.000319999999999876, 0.000240000000000018, 4.99999999998835e-05, 0.000180000000000069, -0.000210000000000043, 0.000490000000000101, 0.000280000000000058, -0.000159999999999938, -0.000260000000000149, 7.00000000000145e-05, 0.000289999999999901, 
-7.9999999999858e-05, 0.000560000000000116, -0.000220000000000109, 0.000289999999999901, 0.000269999999999992, -0.000820000000000043, 0.000150000000000095, -0.000620000000000065, 0.000399999999999956, 0.000520000000000076, 0.000500000000000167, 0.000229999999999952, -0.000559999999999894, -0.000450000000000061, 0.000320000000000098, 0.000410000000000021, 0.000140000000000029, -0.000629999999999908, -0.000860000000000083, -0.000520000000000076, 0.000520000000000076, -0.000450000000000061, 0.00168000000000013, 
0.00103999999999993, -0.0012700000000001, -0.000109999999999832, 0.000190000000000135, -0.000290000000000123, -5.9999999999949e-05, 0.000170000000000003, 9.9999999999989e-05, 0.000269999999999992, -0.000220000000000109, -0.000110000000000054, 0.000199999999999978, 2.0000000000131e-05, -0.000180000000000069, -0.000669999999999948, -0.000320000000000098, -0.000809999999999977, 0.000159999999999938, 0.000149999999999872, -0.000110000000000054, -2.99999999999745e-05, 0.000359999999999916, 0.00012000000000012, 
-0.000110000000000054, 0.000569999999999959, 0.000189999999999912, 4.000000000004e-05, -0.000609999999999999, 0.000150000000000095, 0.000639999999999974, 0.000110000000000054, 9.9999999999989e-05, -5.9999999999949e-05, -0.000269999999999992, 0.000410000000000021, 0.000189999999999912, -0.00042999999999993, -0.000870000000000148, 0.000149999999999872, 0.000240000000000018, -0.000150000000000095, 0.000839999999999952, 4.000000000004e-05, 0.000379999999999825, 0.00016000000000016, 0.000400000000000178, 
-0.000460000000000127, 4.99999999998835e-05, -0.000149999999999872, -0.000369999999999981, -7.00000000000145e-05, 0.000400000000000178, 5.9999999999949e-05, -0.000149999999999872, -2.0000000000131e-05, 0.000110000000000054, -4.000000000004e-05, 0.000180000000000069, 9.00000000001455e-05, -6.0000000000171e-05, 0.000340000000000007, 0.000240000000000018, 0.00016000000000016, 0.000820000000000043, -0.000290000000000123, 1.9999999999909e-05, -0.000489999999999879, 0.000260000000000149, 0.000229999999999952, 
0.000180000000000069, -0.000110000000000054, 0.000269999999999992, 0.00046999999999997, -0.000280000000000058, -0.000359999999999916, -0.000259999999999927, -0.000209999999999821, -0.00139, -0.00112000000000001, -0.000359999999999916, 0.000150000000000095, -0.000220000000000109, -0.000549999999999828, -0.00168999999999997, 0.0002000000000002, -0.00164999999999993, -0.00034999999999985, 0.000149999999999872, -0.000520000000000076, 7.00000000000145e-05, -0.000650000000000039, 0.00063000000000013, -7.00000000000145e-05, 
0.000210000000000043, -0.000620000000000065, -0.00150000000000006, 0.00101000000000018, 0.00119000000000002, 0.000229999999999952, 0.000680000000000014, 0.000439999999999996, 0.000340000000000007, -0.000499999999999945, 0.000589999999999868, -0.00034999999999985, 0.000360000000000138, 0.000439999999999996, 0.000340000000000007, -0.000800000000000134, 0.00139, -0.000340000000000007, 0.000720000000000054, 8.99999999999235e-05, 0.000329999999999941, -0.000269999999999992, 0.000180000000000069, 0.000520000000000076, 
0.00157999999999991, -0.000250000000000083, 0.000559999999999894, -5.9999999999949e-05, -0.000489999999999879, 0.000519999999999854, -0.000310000000000032, -0.000570000000000181, 0.000230000000000175, -0.000820000000000043, 0.000850000000000017, 0.00148999999999999, 0.000289999999999901, -8.99999999999235e-05, -0.000799999999999912, -0.000860000000000083, 0.00055000000000005, -0.00116000000000005, 0.000110000000000054, 0.00157000000000007, -0.0015400000000001, 0.000789999999999846, 0.000350000000000072, 
0.00268000000000002, 9.9999999999989e-05, -0.000580000000000025, -4.000000000004e-05, -0.00109999999999988, 0.000599999999999934, 0.000800000000000134, 0.000680000000000014, -0.000930000000000097, 0.00016000000000016, -0.000129999999999963, 0.000369999999999981, 0.000180000000000069, 0.000150000000000095, 0.000320000000000098, 0.00210999999999983, 0.00526999999999989, -0.00136000000000003, -0.000530000000000141, 0.000190000000000135, -0.000819999999999821, -0.000660000000000105, -0.000439999999999996, 
-0.00110999999999994, 0.000720000000000054, -7.00000000000145e-05, -2.0000000000131e-05, 0.000130000000000186, 0.000609999999999999, 0.000369999999999981, -0.00144000000000011, 1.00000000000655e-05, -0.00191000000000008, 0.00101000000000018, 0.000459999999999905, 0.0027600000000001, 0.00395999999999996, -0.00339, -0.000770000000000159, 0.000240000000000018, 0.000960000000000072, -0.000909999999999966, -0.00123999999999991, 0.000369999999999981, 0.000190000000000135, -0.000709999999999988, 0.00136999999999987, 
0.00155000000000016, -0.00173000000000001, 0.000850000000000017, -0.000439999999999996, -0.00136999999999987, 0.000769999999999937, -0.00173000000000001, -0.000159999999999938, -0.000210000000000043, 0.000970000000000137, -0.00046999999999997, -0.000529999999999919, -0.000549999999999828, -0.000280000000000058, -0.00042999999999993, -0.000229999999999952, -0.000380000000000047, 0.00133000000000005, 0.000780000000000003, -7.00000000000145e-05, -0.00160999999999989, -0.000399999999999956, -0.000390000000000112, 
-0.000269999999999992, -5.00000000001055e-05, 0.000359999999999916, 0.000110000000000054, 0.000109999999999832, -0.00147000000000008, -0.000260000000000149, -0.000839999999999952, 0.00133000000000005, 1.9999999999909e-05, -0.00055000000000005, -0.000490000000000101, 0.00105, -0.000889999999999835, -0.000110000000000054, -0.00109000000000004, 0.000229999999999952, -0.000419999999999865, 0.000260000000000149, 0, 0.000490000000000101, 0.00146000000000002, 0.00133000000000005, 0.000680000000000014, 0.00012000000000012, 
0.000319999999999876, -0.000319999999999876, -2.0000000000131e-05, 0.000319999999999876, -0.00165999999999999, -0.000569999999999959, 0.000569999999999959, -0.000369999999999981, 0.00012000000000012, -1.9999999999909e-05, 0.000150000000000095, 0.000240000000000018, -0.000680000000000014, -0.000820000000000043, 4.000000000004e-05, 0.000579999999999803, -0.00034999999999985, -0.000430000000000152, -0.00030999999999981, -9.9999999999989e-05, 0.000189999999999912, 1.00000000000655e-05, -9.9999999999989e-05, 
0.000170000000000003, -2.0000000000131e-05, -0.000150000000000095, 0.000189999999999912, -0.000639999999999974, 0.00042999999999993, 0.000870000000000148, -0.000399999999999956, 0.000669999999999948, -0.000869999999999926, -0.000750000000000028, 0.000149999999999872, 2.99999999999745e-05, 8.99999999999235e-05, -0.000599999999999934, -0.00109000000000004, 0.000809999999999977, -0.000280000000000058, -0.000260000000000149, -0.00139, 0.000499999999999945, 0.000709999999999988, 0.00122999999999984, -0.000430000000000152, 
-0.000680000000000014, -0.00046999999999997, -0.000269999999999992, 0.000229999999999952, -0.000329999999999941, -0.000879999999999992, 0.000520000000000076, 0.000310000000000032, 0.000240000000000018, -0.000100000000000211, 4.99999999998835e-05, 0.000229999999999952, -0.000199999999999978, -0.000159999999999938, 0.000219999999999887, 0.000620000000000065, 0.000229999999999952, 2.99999999999745e-05, 0.000240000000000018, -0.000230000000000175, 0.000569999999999959, -0.000110000000000054, 7.00000000000145e-05, 
-0.000159999999999938, 5.9999999999949e-05, -0.000140000000000029, -9.00000000001455e-05, 7.00000000000145e-05, 0.000769999999999937, -4.99999999998835e-05, -0.000420000000000087, -0.000439999999999996, 0.000250000000000083, 0.000280000000000058, -0.000499999999999945, 0.000299999999999967, 0.00163999999999986, 0.00042999999999993, -0.000159999999999938, 0.000969999999999915, 0.000879999999999992, 0.000789999999999846, 0.000320000000000098, -0.000619999999999843, -0.000650000000000039, -0.000780000000000003, 
0.00143999999999989, -0.00164999999999993, 0.000559999999999894, -0.000290000000000123, 0.000900000000000123, -9.9999999999989e-05, 0.00249999999999995, 0.00233000000000017, -0.000709999999999988, 0.00038999999999989, 0.00136000000000003, -0.000289999999999901, 0.000820000000000043, 0.000829999999999886, -0.000140000000000029, 8.000000000008e-05, -5.9999999999949e-05, 0.000969999999999915, 0.000140000000000029, -0.00122, 0.000340000000000007, -0.000299999999999967, -0.000210000000000043, 0.00034999999999985, 
-0.000340000000000007, 2.0000000000131e-05, -0.000230000000000175, -0.000229999999999952, -0.000220000000000109, 0.000180000000000069, 0.000170000000000003, -7.00000000000145e-05, -0.00038999999999989, 0.000199999999999978, -0.000280000000000058, 0.00344999999999995, -0.000810000000000199, -0.000269999999999992, -0.00207000000000002, -0.00146000000000002, 0.000399999999999956, -0.000720000000000054, -0.000380000000000047, 0.000329999999999941, 0.000450000000000061, 0.00130000000000008, -0.000369999999999981, 
0.000529999999999919, -0.000420000000000087, -0.000179999999999847, 0.000130000000000186, -0.00113000000000008, -0.000189999999999912, 0.000240000000000018, -0.00095999999999985, 0.000149999999999872, 0.000350000000000072, 0.00042999999999993, 4.000000000004e-05, -0.000300000000000189, -0.000140000000000029, -9.9999999999989e-05, -7.00000000000145e-05, -0.000240000000000018, 0.000300000000000189, -0.000439999999999996, 0.000210000000000043, -0.000150000000000095, -0.000289999999999901, 0.000419999999999865, 
0.000380000000000047, 0.000149999999999872, 0.000159999999999938, 0.000460000000000127, -1.9999999999909e-05, 0.000260000000000149, -0.00106000000000006, 0.000159999999999938, 0.000250000000000083, 0.000299999999999967, -0.000289999999999901, 0.000790000000000068, 0.000350000000000072, -0.000529999999999919, -0.000650000000000039, -0.000649999999999817, -0.00151000000000012, 0.000430000000000152, 0.000780000000000003, -0.000319999999999876, 0.000219999999999887, -0.000269999999999992, -0.000290000000000123, 
0.000639999999999974, -0.000660000000000105, -0.000199999999999978, -0.000379999999999825, 0.00063000000000013, 0.000989999999999824, -0.000319999999999876, 0.000449999999999839, 0.000279999999999836, -0.000909999999999966, -0.000369999999999981, -0.000399999999999956, -5.9999999999949e-05, 8.000000000008e-05, 8.99999999999235e-05, 0.000210000000000043, -0.000179999999999847, -0.000290000000000123, 1.00000000000655e-05, 6.0000000000171e-05, 5.9999999999949e-05, 0.000280000000000058, -2.0000000000131e-05, 
0.000159999999999938, 1.00000000000655e-05, -0.000299999999999967, -0.000290000000000123, 0.000399999999999956, -0.000249999999999861, 9.99999999984347e-06, -0.000399999999999956, -0.000129999999999963, 9.9999999999989e-05, 0.000170000000000003, 9.99999999984347e-06, 0.000190000000000135, 0.000179999999999847, -0.000709999999999988, -0.000259999999999927, -0.000190000000000135, -0.000580000000000025, 0.000570000000000181, 0.000379999999999825, -0.000280000000000058, 0.00012000000000012, 0.000229999999999952, 
-0.000620000000000065, 0.000380000000000047, -0.00146999999999986, 0.00109000000000004, 0.000410000000000021, -0.000399999999999956, 0.000420000000000087, -0.000179999999999847, -0.00107999999999997, 5.9999999999949e-05, -0.000249999999999861, -0.000739999999999963, 0.00120000000000009, 9.99999999984347e-06, -0.000189999999999912, 0.000220000000000109, -0.000210000000000043, -0.000280000000000058, -8.99999999999235e-05, -0.000150000000000095, 9.99999999984347e-06, 1.00000000000655e-05, 0.000179999999999847, 
0.000250000000000083, -0.000720000000000054, 0, 0.000250000000000083, 0.000249999999999861, -8.000000000008e-05, -0.000410000000000021, -0.000159999999999938, -0.000569999999999959, -3.9999999999818e-05, 4.000000000004e-05, -0.000329999999999941, 0.00051000000000001, 7.9999999999858e-05, 0.000360000000000138, -0.00100999999999996, 0.000789999999999846, 0.00144999999999995, 0.000769999999999937, -0.000159999999999938, 0.000359999999999916, 0.000199999999999978, -0.000310000000000032, -8.000000000008e-05, 
0.000439999999999996, -0.000219999999999887, -0.00012000000000012, -0.000250000000000083, 0.00286999999999993, 0.000920000000000032, -4.000000000004e-05, -0.00168000000000013, 0.000420000000000087, -0.000480000000000036, 0.000889999999999835, -9.9999999999989e-05, -0.000409999999999799, 0.000719999999999832, 0.000390000000000112, -0.000299999999999967, 0.000439999999999996, -0.000190000000000135, -0.000770000000000159, -0.000909999999999966, 0.000329999999999941, 1.9999999999909e-05, -0.000109999999999832, 
0.000229999999999952, 0.000380000000000047, 0.000760000000000094, 0.000129999999999963, -9.00000000001455e-05, 3.00000000001965e-05, 0.000299999999999967, 0.000359999999999916, 0.000350000000000072, -0.000210000000000043, 0.000210000000000043, -5.00000000001055e-05, 0.000539999999999985, -0.000459999999999905, -1.9999999999909e-05, -0.000729999999999897, 0.000280000000000058, 8.99999999999235e-05, 0.00209000000000015, -0.000370000000000203, 0.000299999999999967, 0, 0.000229999999999952, -0.000589999999999868, 
-0.000260000000000149, -4.99999999998835e-05, 0.000420000000000087, -0.000830000000000108, -0.000259999999999927, 0.00456000000000012, -0.00136999999999987, 0.000159999999999938, -0.000269999999999992, 0.00258000000000003, 0.000730000000000119, 0.000240000000000018, 0.000329999999999941, -0.000119999999999898, 0.000629999999999908, 0.000459999999999905, 0.000360000000000138, 0.000809999999999977, 0.000680000000000014, -0.00117999999999996, -0.000439999999999996, -0.000820000000000043, 0.000899999999999901, 
0.000179999999999847, -0.000229999999999952, -0.000340000000000007, 0.000380000000000047, 0.000709999999999988, -4.99999999998835e-05, -0.000639999999999974, 7.00000000000145e-05, 0.000140000000000029, 0.000650000000000039, 0.000340000000000007, 0.000140000000000029, 0.00012000000000012, 0.000210000000000043, 9.99999999984347e-06, 0.000689999999999857, -0.000769999999999937, 0.000269999999999992, 0.00109000000000004, -0.000220000000000109, -0.00140000000000007, -0.00183, -0.000290000000000123, -0.000340000000000007, 
-0.000580000000000025, 0.000170000000000003, 0.000680000000000014, 0.000140000000000029, -0.00071000000000021, 0.000720000000000054, -0.00159999999999982, 0.000499999999999945, 0.000620000000000065, -0.000869999999999926, 0.000430000000000152, 0.00034999999999985, -3.9999999999818e-05, -0.000329999999999941, -0.000329999999999941, 4.99999999998835e-05, -0.000420000000000087, -2.99999999999745e-05, 0.000129999999999963, -0.000589999999999868, 1.00000000000655e-05, -1.00000000000655e-05, -0.000210000000000043, 
0.000210000000000043, -9.00000000001455e-05, -2.0000000000131e-05, -0.000139999999999807, -0.000489999999999879, 0.000369999999999981, 0.000449999999999839, 7.00000000000145e-05, -0.000110000000000054, 0.000149999999999872, -0.000100000000000211, -0.000229999999999952, -7.9999999999858e-05, 0.000149999999999872, -2.99999999999745e-05, 9.99999999984347e-06, 0.000350000000000072, 0.000240000000000018, -0.00122, -0.000219999999999887, -0.000320000000000098, -0.000439999999999996, 0.000369999999999981, 
0.000599999999999934, -0.00046999999999997, -0.000460000000000127, 0.000289999999999901, -0.000229999999999952, -0.000399999999999956, -0.000240000000000018, -0.000140000000000029, -0.000179999999999847, -0.000110000000000054, 0.000149999999999872, 0.000809999999999977, -2.0000000000131e-05, 4.000000000004e-05, 0.000760000000000094, -0.000499999999999945, -0.000340000000000007, -0.00055000000000005, -0.000979999999999981, -0.000210000000000043, -0.000839999999999952, 0, -0.000400000000000178, -0.000539999999999985, 
0.000219999999999887, 0.000330000000000163, 0.000170000000000003, -0.000170000000000003, 0.000189999999999912, 0.000350000000000072, -4.000000000004e-05, 0.000269999999999992, -0.000219999999999887, 0.00046999999999997, -0.000369999999999981, 7.00000000000145e-05, 0.000210000000000043, -0.000320000000000098, 0.000210000000000043, -2.99999999999745e-05, -2.99999999999745e-05, 6.0000000000171e-05, 0.000519999999999854, 0.000310000000000032, 0.000420000000000087, 7.00000000000145e-05, 0.00099999999999989, 
-0.000869999999999926, 0.000249999999999861, 0.000140000000000029, -0.000700000000000145, -0.000420000000000087, 0.000210000000000043, 1.9999999999909e-05, -0.000110000000000054, 0.000639999999999974, -0.000899999999999901, -0.000580000000000025, 0.000110000000000054, 0.00095999999999985, 8.000000000008e-05, 0.000709999999999988, -0.000159999999999938, -0.000409999999999799, 0.00154999999999994, -0.000639999999999974, -0.00112000000000001, 0.00574000000000008, 0.00224000000000002, -0.00133000000000005, 
0.00177000000000005, 0.00197000000000003, 0.000589999999999868, -0.000820000000000043, 0.000979999999999981, -0.000280000000000058, -0.000269999999999992, 0.000520000000000076, 0.000229999999999952, 0.000380000000000047, -0.000569999999999959, -0.000269999999999992, -0.000800000000000134, -1.9999999999909e-05, 0.000229999999999952, 2.99999999999745e-05, -0.000599999999999934, 0.000290000000000123, -5.9999999999949e-05, 0.000650000000000039, -0.000359999999999916, 0.000839999999999952, -0.000709999999999988, 
0.000539999999999985, -0.000780000000000003, -0.000580000000000025, -0.00105, 0.000470000000000192, -0.000359999999999916, 0.00103999999999993, 0.000269999999999992, 0.000570000000000181, -0.000520000000000076, -0.000439999999999996, 0.00129999999999986, -2.99999999999745e-05, -0.000709999999999988, 0.00136000000000003, -0.000199999999999978, -0.00099999999999989, 0.000950000000000006, 1.00000000000655e-05, 4.99999999998835e-05, -0.00059000000000009, -0.00160000000000005, -0.000539999999999985, 0.00385999999999997, 
0.00164000000000009, 0.000379999999999825, -0.000310000000000032, -0.000140000000000029, 0.000280000000000058, 0.000459999999999905, -0.000210000000000043, 0.00012000000000012, 2.99999999999745e-05, 4.000000000004e-05, 0.000119999999999898, -0.000609999999999999, 8.000000000008e-05, 0.000180000000000069, 0.000210000000000043, 0.000199999999999978, -0.000250000000000083, 0.000149999999999872, -9.9999999999989e-05, -4.000000000004e-05, -0.000250000000000083, 0.000289999999999901, 0.000639999999999974, 
0.000320000000000098, -0.00191000000000008, -0.000770000000000159, 0.00147999999999993, 4.000000000004e-05, 0.000940000000000163, -0.000420000000000087, -0.000140000000000029, -0.000699999999999923, -0.00263000000000013, -0.000519999999999854, -5.9999999999949e-05, 0.000129999999999963, 0.000189999999999912, 0.000620000000000065, 0.00117999999999996, -0.00112000000000001, -0.000480000000000036, 0.000110000000000054, 0.000490000000000101, -0.000539999999999985, 0.00119000000000002, -0.000649999999999817, 
0.000450000000000061, -0.000780000000000003, 0.000109999999999832, 2.0000000000131e-05, -0.000629999999999908, 0.000170000000000003, 0.000390000000000112, 0.000190000000000135, 0.000269999999999992, -3.00000000001965e-05, 0.00016000000000016, -9.00000000001455e-05, 0.000830000000000108, 9.99999999984347e-06, 0, 0.000690000000000079, 0.000219999999999887, 9.00000000001455e-05, 0.000109999999999832, -0.000199999999999978, 0.000380000000000047, -1.00000000000655e-05, -0.000119999999999898, 0.000199999999999978, 
-0.000310000000000032, 0.000859999999999861, 0.000140000000000029, -0.000170000000000003, -0.000180000000000069, -0.000419999999999865, -0.000269999999999992, -0.000609999999999999, -4.000000000004e-05, 0.000529999999999919, -0.000479999999999814, -0.000549999999999828, 0.000249999999999861, -0.000110000000000054, 0.000150000000000095, -1.9999999999909e-05, 0.000409999999999799, -0.000289999999999901, -0.000219999999999887, 0.000159999999999938, -0.000860000000000083, -0.000680000000000014, 0.000790000000000068, 
-0.0017100000000001, 0.000609999999999999, -0.000119999999999898, 0.000620000000000065, 0.000399999999999956, -7.00000000000145e-05, -0.000320000000000098, 8.000000000008e-05, -0.000320000000000098, -1.00000000000655e-05, -0.000269999999999992, -0.000709999999999988, 0.000989999999999824, 0.00123999999999991, 0.00106000000000006, 0.000890000000000057, -0.000380000000000047, -8.99999999999235e-05, -0.000599999999999934, -0.000250000000000083, 0, 0.000210000000000043, -0.000180000000000069, 7.00000000000145e-05, 
0.000420000000000087, 0.000830000000000108, 0.000379999999999825, 0.000739999999999963, 8.000000000008e-05, 0.00137000000000009, 8.000000000008e-05, -0.000459999999999905, 0.000269999999999992, 0.000219999999999887, 0.000560000000000116, 0.000890000000000057, -5.00000000001055e-05, -0.000639999999999974, -0.000659999999999883, 0.000939999999999941, 0.00100999999999996, -0.000380000000000047, 0.000119999999999898, -0.00137000000000009, 0.000929999999999875, 0.000440000000000218, 0.000199999999999978, 
-0.000279999999999836, -0.000370000000000203, -0.000650000000000039, -0.000220000000000109, 0.00107000000000013, -5.00000000001055e-05, 0.000159999999999938, -0.000219999999999887, -7.00000000000145e-05, -0.000269999999999992, -0.000249999999999861, 0.000839999999999952, -0.000220000000000109, 0.000250000000000083, -0.000850000000000017, -0.000420000000000087, -4.99999999998835e-05, -0.000180000000000069, -0.000350000000000072, 0, -0.000110000000000054, 9.9999999999989e-05, -4.000000000004e-05, 0.000829999999999886, 
8.99999999999235e-05, -0.000229999999999952, -0.000340000000000007, 0.00169999999999981, -0.00150000000000006, 0.000330000000000163, -0.000520000000000076, -0.0010699999999999, -0.00102000000000002, 0.000950000000000006, 0.00038999999999989, 0.000609999999999999, -0.00059000000000009, -0.000300000000000189, 0.000410000000000021, 0.00120000000000009, 4.99999999998835e-05, -0.000420000000000087, 0.00146000000000002, 0.000269999999999992, -7.9999999999858e-05, -0.00150000000000006, 0.000330000000000163, 
0.000180000000000069, 0.000560000000000116, -0.000110000000000054, -0.000599999999999934, -0.000780000000000003, -0.000269999999999992, 0.000110000000000054, 0.000530000000000141, -0.000259999999999927, -3.9999999999818e-05, -0.000430000000000152, 0.000180000000000069, -7.00000000000145e-05, -5.9999999999949e-05, -0.000359999999999916, 0.000410000000000021, -0.000769999999999937, 0.000110000000000054, -0.000170000000000003, -9.99999999984347e-06, -3.00000000001965e-05, -1.00000000000655e-05, 0.000450000000000061, 
0.000179999999999847, 0.000170000000000003, -0.000189999999999912, -5.9999999999949e-05, 0.000489999999999879, 0.000450000000000061, -7.00000000000145e-05, -0.000450000000000061, -0.000850000000000017, -0.00113000000000008, 0.000709999999999988, -0.00105999999999984, 0.000410000000000021, 0.00139, -0.000209999999999821, -0.000159999999999938, -0.000830000000000108, 0.00105, -0.000539999999999985, 0.000329999999999941, 0.000129999999999963, 0.000259999999999927, -0.000849999999999795, 0.000739999999999963, 
-0.000380000000000047, 0.000439999999999996, -0.000359999999999916, -0.000340000000000007, -1.9999999999909e-05, 0.000380000000000047, 0.000170000000000003, -0.000159999999999938, 0.000439999999999996, -0.00046999999999997, -0.000240000000000018, 0.000119999999999898, 5.00000000001055e-05, -7.00000000000145e-05, 0.000129999999999963, -4.99999999998835e-05, -0.00110999999999994, -0.000529999999999919, -0.000110000000000054, 0.000189999999999912, -0.000569999999999959, -1.00000000000655e-05, 0.000419999999999865, 
0.000199999999999978, 4.000000000004e-05, -0.000450000000000061, -0.00012000000000012, 0.000390000000000112, 9.99999999984347e-06, -0.000359999999999916, 0.000650000000000039, 0.000280000000000058, 0.00105, 0.00154999999999994, -0.000149999999999872, 0.000709999999999988, 0.000660000000000105, -0.000690000000000079, -0.00042999999999993, 0.000669999999999948, -0.000439999999999996, 0.000379999999999825, -0.000559999999999894, -0.000229999999999952, -5.9999999999949e-05, 0.00012000000000012, 0.000620000000000065, 
0, 0.000380000000000047, -0.000170000000000003, 9.9999999999989e-05, -0.000399999999999956, -2.99999999999745e-05, 0.000229999999999952, 0.00103999999999993, -0.00232999999999994, 0.00112000000000001, -0.000649999999999817, -0.000609999999999999, 0.000530000000000141, 0.000259999999999927, 0.00120999999999993, -0.000289999999999901, 4.000000000004e-05, -0.000530000000000141, 0.000470000000000192, -0.000289999999999901, -0.000180000000000069, 0.000609999999999999, -0.000140000000000029, 0.000320000000000098, 
-0.000190000000000135, 0.000129999999999963, -0.000329999999999941, 0.000190000000000135, 0.000370000000000203, 0.000679999999999792, 0.000680000000000014, 0.000900000000000123, -0.000680000000000014, 0.000159999999999938, -0.000790000000000068, -0.000390000000000112, 0.00120000000000009, -0.000159999999999938, -6.0000000000171e-05, 0.000209999999999821, 0.000920000000000032, 0.00174000000000007, 0, 0.000190000000000135, -0.00167000000000006, 0.000289999999999901, 0.000259999999999927, -0.000240000000000018, 
-0.000110000000000054, -0.000700000000000145, -0.0010699999999999, 0.000739999999999963, -0.000190000000000135, 0.000240000000000018, -0.000439999999999996, -0.000350000000000072, 0.000140000000000029, 1.00000000000655e-05, -0.000269999999999992, 9.9999999999989e-05, -9.9999999999989e-05, 0.000110000000000054, 2.99999999999745e-05, -0.000369999999999981, -1.00000000000655e-05, 0.000340000000000007, -0.000830000000000108, 0.000789999999999846, 1.00000000000655e-05, -0.000159999999999938, -0.000259999999999927, 
0.000520000000000076, -0.000240000000000018, 0.000459999999999905, -9.9999999999989e-05, 0.000399999999999956, -0.000650000000000039, -0.000720000000000054, -0.000290000000000123, 0.000580000000000025, -6.99999999997925e-05, -0.000950000000000006, 0.00102000000000002, 0, -0.000139999999999807, 2.99999999999745e-05, -0.00042999999999993, -0.000199999999999978, 5.00000000001055e-05, 0.00126000000000004, -0.000560000000000116, 0.000650000000000039, 0.000219999999999887, -0.000209999999999821, 0.000250000000000083, 
-0.000820000000000043, -0.000939999999999941, -0.000699999999999923, -0.00107999999999997, -0.000209999999999821, -0.000739999999999963, -0.00239000000000011, 0.000850000000000017, 0.000110000000000054, 0.000340000000000007, 0.000190000000000135, -0.000170000000000003, -1.00000000000655e-05, 1.9999999999909e-05, 0.000390000000000112, -0.000219999999999887, -0.000319999999999876, 0.000450000000000061, 0.000140000000000029, 1.00000000000655e-05, 0.000119999999999898, -0.000269999999999992, 0.000990000000000046, 
-0.000639999999999974, -0.000340000000000007, -1.00000000000655e-05, -9.9999999999989e-05, -1.9999999999909e-05, -0.000879999999999992, 0.000659999999999883, -0.000939999999999941, -0.000909999999999966, -0.00116000000000005, 0.000240000000000018, 0.00042999999999993, -0.000140000000000029, 0.000189999999999912, 7.9999999999858e-05, 0.000140000000000029, -0.00042999999999993, 4.000000000004e-05, -0.00355000000000016, 0.000329999999999941, 0.000820000000000043, -0.00116000000000005, 0.000269999999999992, 
-2.99999999999745e-05, -0.00051000000000001, 0.00099999999999989, -0.000380000000000047, -0.000240000000000018, -0.000180000000000069, 0.00117999999999996, -0.000790000000000068, -0.000489999999999879, 0.000759999999999872, 0.000750000000000028, 0.000680000000000014, -0.000450000000000061, -0.000259999999999927, 4.99999999998835e-05, 0.000140000000000029, 0, -0.000210000000000043, -0.000229999999999952, -0.000420000000000087, -0.000350000000000072, -0.000340000000000007, 0.000529999999999919, -0.000410000000000021, 
-0.00051000000000001, -0.000219999999999887, 0.000539999999999985, 0, 0.000260000000000149, -2.99999999999745e-05, -5.9999999999949e-05, 0.000250000000000083, 0.000259999999999927, 0.000439999999999996, -0.000559999999999894, -0.00197000000000003, 0.000190000000000135, -0.000580000000000025, 0.000129999999999963, 0.000399999999999956, 0.000170000000000003, -1.9999999999909e-05, 0.000570000000000181, -0.000800000000000134, 0.00034000